,Word,Frequency,N
0,표,37,1
1,만기,157,1
2,회사채,440,1
3,종목,24,1
4,신용등급,94,1
5,발행,291,1
6,액,25,1
7,달러,917,1
8,대상,200,1
9,원,51,1
10,발전,91,1
11,자료,189,1
12,투자,1974,1
13,증권,357,1
14,은행,1344,1
15,순매수,147,1
16,상위,22,1
17,순매도,134,1
18,외국인,807,1
19,만기수익률,16,1
20,수량,35,1
21,잔존만기,41,1
22,국고채,302,1
23,통안채,160,1
24,합계,18,1
25,종,25,1
26,변,58,1
27,토의,189,1
28,내용,456,1
29,기관,304,1
30,선정,47,1
31,신규,186,1
32,신청,26,1
33,동일,73,1
34,기준,601,1
35,함께,340,1
36,평가,928,1
37,하,31837,1
38,않,1724,1
39,구분,75,1
40,이유,158,1
41,대해,2054,1
42,물,977,1
43,높,2283,1
44,당,257,1
45,행과,22,1
46,거래,429,1
47,실적,196,1
48,미미,18,1
49,로,397,1
50,어렵,664,1
51,답변,1349,1
52,결과,694,1
53,발표,221,1
54,충분히,146,1
55,설명,586,1
56,이전,162,1
57,비율,173,1
58,여부,249,1
59,금융기관,519,1
60,필요,2628,1
61,수,86,1
62,시,301,1
63,제공,106,1
64,또,486,1
65,공개시장조작,28,1
66,되,16863,1
67,실질,334,1
68,받,485,1
69,경제,4977,1
70,이익,31,1
71,직접,168,1
72,얻,44,1
73,크,3822,1
74,따르,1507,1
75,제고,230,1
76,효과,1093,1
77,상당,261,1
78,보,4874,1
79,사회,62,1
80,문제,813,1
81,서,299,1
82,별도,23,1
83,고려,1053,1
84,법,42,1
85,명확,24,1
86,결정,646,1
87,나,55,1
88,전,121,1
89,같,1063,1
90,사항,232,1
91,미리,28,1
92,반영,651,1
93,면,185,1
94,있,7405,1
95,사전,81,1
96,공표,16,1
97,바람직,340,1
98,판단,1156,1
99,중,2399,1
100,개,37,1
101,줄,446,1
102,특별,30,1
103,최소,66,1
104,미,529,1
105,발생,498,1
106,수준,2366,1
107,장기간,94,1
108,유지,1443,1
109,점,2426,1
110,행도,24,1
111,중기,181,1
112,어떠,57,1
113,운용,581,1
114,검토,188,1
115,정책,1468,1
116,협조,27,1
117,해서,279,1
118,구체적,126,1
119,투명,25,1
120,정하,52,1
121,당부,293,1
122,심의,117,1
123,원안,49,1
124,가결,105,1
125,의결,161,1
126,붙임,100,1
127,같이,428,1
128,안,241,1
129,생략,52,1
130,통화정책,2075,1
131,조,92,1
132,의거,48,1
133,의안,42,1
134,통,32,1
135,책,27,1
136,방향,913,1
137,상정,35,1
138,접수,20,1
139,국내외,473,1
140,경제동향,196,1
141,과,288,1
142,세계,844,1
143,우,86,1
144,미치,987,1
145,영향,2580,1
146,낮,1378,1
147,국제,1317,1
148,교역,267,1
149,구조,176,1
150,변화,1045,1
151,충,17,1
152,못하,366,1
153,실,46,1
154,나타나,1778,1
155,수출,1900,1
156,차,92,1
157,지하,15,1
158,비중,321,1
159,매우,349,1
160,국가,474,1
161,작,248,1
162,성장,2086,1
163,견인,53,1
164,오,117,1
165,요소,62,1
166,소비,1571,1
167,아니,534,1
168,물가,3446,1
169,안정,1127,1
170,위하,1171,1
171,기조,619,1
172,가능성,1949,1
173,대중,23,1
174,호조,317,1
175,계속,546,1
176,이어지,614,1
177,전망,2543,1
178,적극,94,1
179,지적,647,1
180,소비자,850,1
181,경로,608,1
182,상향,88,1
183,이탈,42,1
184,추석,28,1
185,인하,1508,1
186,오르,246,1
187,농산물,349,1
188,가격,1330,1
189,하방,531,1
190,경직,38,1
191,가지,185,1
192,상당기간,131,1
193,지속,2623,1
194,인상,815,1
195,진행,192,1
196,근원,488,1
197,인플레이션,1254,1
198,기대,1604,1
199,오름,415,1
200,기조적,103,1
201,상승,3132,1
202,압력,593,1
203,가중,29,1
204,시키,226,1
205,감안,833,1
206,때,1208,1
207,장기,950,1
208,고착화,29,1
209,유의,623,1
210,중점,41,1
211,두,196,1
212,견해,1428,1
213,제시,702,1
214,지속성,46,1
215,강하,102,1
216,추세,433,1
217,요인,1494,1
218,더욱,299,1
219,경기,2833,1
220,나쁘,35,1
221,거시정책,86,1
222,추진,246,1
223,초래,154,1
224,우려,1131,1
225,표명,235,1
226,늘,813,1
227,의,92,1
228,엔달러,21,1
229,환율,654,1
230,빠르,357,1
231,하락,2840,1
232,기인,507,1
233,글로벌,1420,1
234,둔화,1276,1
235,피해,40,1
236,여건,1134,1
237,어떻,19,1
238,예상,1549,1
239,신흥국,821,1
240,약화,538,1
241,불구,605,1
242,계층,39,1
243,차별화,220,1
244,소득,412,1
245,상대적,299,1
246,으,86,1
247,회복,2222,1
248,부족,114,1
249,현상,521,1
250,당분간,258,1
251,답,49,1
252,변하,72,1
253,악화,468,1
254,증가,3217,1
255,수입,195,1
256,자본재,21,1
257,중심,1228,1
258,더,868,1
259,따,85,1
260,경상,399,1
261,수지,514,1
262,흑자,461,1
263,확대,2624,1
264,무역,220,1
265,이행,28,1
266,주,260,1
267,감소,1309,1
268,파악,194,1
269,각종,67,1
270,지표,1003,1
271,고용,669,1
272,부진,1302,1
273,공조,43,1
274,침체,158,1
275,를,60,1
276,겪,78,1
277,전세계,78,1
278,없,758,1
279,기업,1512,1
280,수익성,122,1
281,양호,464,1
282,견조,153,1
283,빠지,38,1
284,유가,583,1
285,빨리,40,1
286,집,18,1
287,서비스,187,1
288,공공요금,72,1
289,꾸준히,109,1
290,이러,905,1
291,금년도,80,1
292,목표,466,1
293,달성,99,1
294,용이,21,1
295,특히,600,1
296,방안,455,1
297,인,117,1
298,세수,80,1
299,부담,316,1
300,진작,46,1
301,유용,26,1
302,단기,551,1
303,대응,745,1
304,협의,57,1
305,적극적,233,1
306,논의,210,1
307,해볼,83,1
308,의견,1503,1
309,확장,102,1
310,재정정책,193,1
311,양적완화,503,1
312,실행,67,1
313,경제주체,396,1
314,자국,32,1
315,경쟁력,82,1
316,자신,26,1
317,통하,850,1
318,조절,60,1
319,구조적,365,1
320,점검,664,1
321,피력,219,1
322,사이,28,1
323,상당히,289,1
324,확산,504,1
325,수행,115,1
326,가능,144,1
327,수렴,35,1
328,다시,312,1
329,짚,25,1
330,금융위기,348,1
331,달리,150,1
332,각국,70,1
333,부채,1266,1
334,사용,69,1
335,힘들,30,1
336,비해,662,1
337,재정,464,1
338,건전성,396,1
339,공공기관,20,1
340,포함,276,1
341,시나리오,74,1
342,생각,723,1
343,분석,850,1
344,외환,370,1
345,금융,1271,1
346,동향,468,1
347,국채,394,1
348,신용,722,1
349,강등,16,1
350,안전자산,103,1
351,선호,160,1
352,경향,117,1
353,마련,203,1
354,여전히,375,1
355,종전,51,1
356,화,53,1
357,중장기,175,1
358,구조변화,56,1
359,포트폴리오,51,1
360,다변화,22,1
361,수요,854,1
362,언급,1032,1
363,투자자금,379,1
364,주식시장,112,1
365,많이,145,1
366,유출,397,1
367,반면,475,1
368,채권시장,129,1
369,기초,115,1
370,규모,950,1
371,위기,310,1
372,심하,15,1
373,금융시장,1724,1
374,채권투자,143,1
375,결국,112,1
376,위축,490,1
377,원화,347,1
378,강세,341,1
379,유입,509,1
380,자금,1000,1
381,원달러,162,1
382,도달,42,1
383,신속,25,1
384,포지션,47,1
385,정리,71,1
386,유동성,559,1
387,사정,178,1
388,급격,167,1
389,외환시장,317,1
390,충격,415,1
391,개진,236,1
392,신용경색,31,1
393,유로,121,1
394,가,835,1
395,스프레드,214,1
396,재정위기,71,1
397,전개,270,1
398,과정,316,1
399,촉발,30,1
400,유사,50,1
401,부실,141,1
402,투기,27,1
403,막,20,1
404,대비,1623,1
405,대응책,33,1
406,강구,109,1
407,제안,118,1
408,불안,496,1
409,초과,75,1
410,고유동성,19,1
411,자산,309,1
412,배,42,1
413,쏠림,56,1
414,주식,282,1
415,매도,60,1
416,금,78,1
417,실제,175,1
418,국외,129,1
419,외화,95,1
420,아직,270,1
421,급변,37,1
422,모니터링,339,1
423,강화,772,1
424,제도,254,1
425,자본,372,1
426,유출입,202,1
427,변동성,673,1
428,완화,1321,1
429,시행,194,1
430,시차,97,1
431,원인,171,1
432,유로존,572,1
433,시장,1759,1
434,개방,45,1
435,임금,200,1
436,제대로,37,1
437,진,37,1
438,행,30,1
439,국과,47,1
440,산업,272,1
441,불균형,256,1
442,심화,301,1
443,부동산,443,1
444,거품,38,1
445,붕괴,20,1
446,공공,54,1
447,위험,1902,1
448,급등,130,1
449,조정,513,1
450,금융경제,203,1
451,근본적,71,1
452,보다,544,1
453,밝히,475,1
454,보고,51,1
455,금리,5958,1
456,재정거래,16,1
457,유인,136,1
458,시켜,43,1
459,해외,466,1
460,억제,95,1
461,측면,820,1
462,방어,15,1
463,채권,297,1
464,매입,206,1
465,증대,298,1
466,대해서,414,1
467,예,119,1
468,적절히,48,1
469,대처,25,1
470,일드커브,69,1
471,플래트닝,33,1
472,장기물,51,1
473,매수,65,1
474,도입,131,1
475,불일치,22,1
476,축소,1292,1
477,노력,473,1
478,주로,320,1
479,추정,416,1
480,월중,87,1
481,증가율,425,1
482,시중,79,1
483,부동,20,1
484,해석,94,1
485,예대율,31,1
486,관리,396,1
487,예금,238,1
488,유치,26,1
489,함,957,1
490,수시,96,1
491,입출,89,1
492,그러,40,1
493,움직임,401,1
494,반사,18,1
495,변동,363,1
496,과도,189,1
497,위,136,1
498,매매,135,1
499,주택담보대출,271,1
500,주가,635,1
501,디레버리징,77,1
502,다,443,1
503,투자심리,149,1
504,기,156,1
505,디폴트,36,1
506,비용,198,1
507,혼란,18,1
508,면밀,122,1
509,경험,97,1
510,대규모,202,1
511,적,23,1
512,따라서,51,1
513,불안요인,165,1
514,방지,42,1
515,교환,55,1
516,바탕,136,1
517,관하,241,1
518,토론,104,1
519,좋,261,1
520,신용위험,89,1
521,그룹,28,1
522,차별,27,1
523,긴축,142,1
524,중소기업,346,1
525,많,293,1
526,우량기업,17,1
527,한계기업,59,1
528,대출,2528,1
529,금리갭,111,1
530,신용시장,52,1
531,취약,265,1
532,상태,172,1
533,회수,37,1
534,수익,102,1
535,역,19,1
536,밝혔으며,35,1
537,지원,437,1
538,실시,140,1
539,아울러,534,1
540,저금리,202,1
541,구조조정,238,1
542,지연,236,1
543,생산,752,1
544,자원,34,1
545,효율,47,1
546,배분,29,1
547,일어나,34,1
548,과감,20,1
549,을,30,1
550,계획,109,1
551,수립,42,1
552,신호,73,1
553,전환,696,1
554,사례,219,1
555,거의,55,1
556,일시적,239,1
557,변경,89,1
558,히,88,1
559,관심,182,1
560,석자,18,1
561,앞서,169,1
562,부여,26,1
563,현안,33,1
564,입장,155,1
565,대책,237,1
566,광공업,28,1
567,내수,645,1
568,흐름,923,1
569,미흡,68,1
570,가운데,1164,1
571,추이,274,1
572,주시,66,1
573,선행,89,1
574,지수,367,1
575,연속,159,1
576,제기,194,1
577,가계,2256,1
578,구매력,23,1
579,가세,77,1
580,개선,1543,1
581,상존,192,1
582,대외,676,1
583,불확실성,812,1
584,견지,17,1
585,단기간,53,1
586,해소,172,1
587,선,64,1
588,야기,58,1
589,소지,63,1
590,파급효과,125,1
591,심리,441,1
592,악,15,1
593,속도,327,1
594,능력,53,1
595,한계,121,1
596,파급,139,1
597,제한적,146,1
598,교란,40,1
599,긴밀,18,1
600,금융상황,95,1
601,징후,20,1
602,주의,60,1
603,주문,15,1
604,한도,229,1
605,확충,113,1
606,차원,121,1
607,모색,64,1
608,최선,15,1
609,활동,230,1
610,실물,674,1
611,현황,56,1
612,체제,27,1
613,시스템,120,1
614,보완,111,1
615,공유,34,1
616,대,104,1
617,기저효과,141,1
618,다소,766,1
619,기상,42,1
620,조금,45,1
621,이르,45,1
622,감,56,1
623,개최,62,1
624,좀,192,1
625,집중,123,1
626,물량,75,1
627,계약,32,1
628,출하,20,1
629,유도,111,1
630,선택,31,1
631,요금,71,1
632,개설,25,1
633,조치,258,1
634,차질,93,1
635,없이,69,1
636,병행,34,1
637,취업자,55,1
638,고용률,39,1
639,포인트,154,1
640,실업률,202,1
641,가장,188,1
642,길,54,1
643,취업,23,1
644,연령,49,1
645,세,48,1
646,고,24,1
647,고령,31,1
648,보도,28,1
649,노동시장,104,1
650,새롭,158,1
651,일자리,34,1
652,기본,146,1
653,오해,16,1
654,이어서,522,1
655,발,43,1
656,수치,45,1
657,진입,66,1
658,이동,92,1
659,대내외,300,1
660,종합,556,1
661,달,326,1
662,에서,17,1
663,둘러싸,52,1
664,살펴보,351,1
665,선진국,539,1
666,약,35,1
667,회,26,1
668,지역,270,1
669,제약,257,1
670,들,583,1
671,설비,446,1
672,제조업,356,1
673,도,166,1
674,이,798,1
675,한층,72,1
676,재차,45,1
677,주택,300,1
678,약세,349,1
679,지방,117,1
680,비슷,173,1
681,상승률,1154,1
682,타내,25,1
683,전세가격,153,1
684,상회,246,1
685,상방,104,1
686,결,25,1
687,쉽,105,1
688,자칫,19,1
689,금리정상화,32,1
690,제어,24,1
691,기회,34,1
692,머무르,161,1
693,점차,438,1
694,물론,109,1
695,모두,301,1
696,책무,36,1
697,염두,32,1
698,신중,53,1
699,여파,46,1
700,주식자금,54,1
701,급락,138,1
702,등가격,33,1
703,변수,128,1
704,국면,96,1
705,깊,83,1
706,하향,378,1
707,그리,63,1
708,증폭,29,1
709,가격변수,76,1
710,신장,71,1
711,완만,594,1
712,기록,488,1
713,원자재,210,1
714,작용,607,1
715,대체로,306,1
716,상쇄,53,1
717,공급,534,1
718,남,83,1
719,력,46,1
720,결정시,202,1
721,인식,164,1
722,훨씬,26,1
723,심각,49,1
724,복지,38,1
725,연,62,1
726,더하,68,1
727,감축,33,1
728,추가,634,1
729,지출,198,1
730,여력,173,1
731,미약,195,1
732,실효,75,1
733,의문,34,1
734,조짐,131,1
735,반복,67,1
736,드러나,20,1
737,거시,375,1
738,주목,104,1
739,성장동력,35,1
740,더이상,24,1
741,해결,84,1
742,확,54,1
743,산,36,1
744,말씀,15,1
745,드리,19,1
746,적자,101,1
747,문제점,40,1
748,부,170,1
749,비록,105,1
750,잠재,480,1
751,성공,32,1
752,전제,164,1
753,통화,470,1
754,점진적,110,1
755,과제,90,1
756,결코,23,1
757,확인,74,1
758,살피,156,1
759,핵심,71,1
760,국간,24,1
761,갭,658,1
762,알,68,1
763,극복,26,1
764,장치,20,1
765,활용,259,1
766,최적,23,1
767,사상,87,1
768,최대,86,1
769,으로,23,1
770,우세,25,1
771,대내,38,1
772,위험요인,181,1
773,웃돌,27,1
774,품목,136,1
775,한시적,27,1
776,종료,81,1
777,상한,17,1
778,차단,19,1
779,이루어져야,17,1
780,정상화,141,1
781,범위,183,1
782,미시,97,1
783,최대한,15,1
784,기울일,38,1
785,결론,82,1
786,고조,31,1
787,늦,60,1
788,긴요,45,1
789,강조,225,1
790,필요성,168,1
791,건설,314,1
792,소폭,816,1
793,동행,43,1
794,업황,87,1
795,민간,588,1
796,뚜렷,90,1
797,비,326,1
798,하순,52,1
799,대두,53,1
800,짐,25,1
801,외화자금,213,1
802,무역거래,37,1
803,힘입,371,1
804,순유출,150,1
805,자금사정,98,1
806,부도,23,1
807,업체,50,1
808,어음,21,1
809,부도율,24,1
810,연체,25,1
811,연체율,189,1
812,호전,78,1
813,사태,207,1
814,주택시장,195,1
815,개인,88,1
816,수정,141,1
817,성장률,1112,1
818,정점,29,1
819,채,61,1
820,증액,49,1
821,규,39,1
822,적절,243,1
823,정책수단,147,1
824,현실화,63,1
825,정상,48,1
826,합의,40,1
827,회피,128,1
828,확보,119,1
829,나서,46,1
830,배제,101,1
831,여신,141,1
832,규제,330,1
833,지준율,25,1
834,비롯,71,1
835,리,58,1
836,낙관,49,1
837,넘,97,1
838,한다는,117,1
839,이미,115,1
840,알려져,16,1
841,부양,75,1
842,중반,210,1
843,완화정책,105,1
844,파산,18,1
845,의하,281,1
846,유발,65,1
847,양상,138,1
848,보임,65,1
849,장기추세,53,1
850,펀더멘털,53,1
851,최고,96,1
852,비교,192,1
853,외채,127,1
854,농축수산물,78,1
855,일관,42,1
856,유연,59,1
857,반응,67,1
858,자세,17,1
859,면밀히,420,1
860,만장일치,35,1
861,의결문,102,1
862,전원,31,1
863,찬성,31,1
864,갈,25,1
865,주택가격,291,1
866,활발,29,1
867,해지,87,1
868,불안정,69,1
869,꾸준,40,1
870,첨,34,1
871,그치,151,1
872,고용자수,246,1
873,벗어나,110,1
874,소매,163,1
875,판매,175,1
876,유,37,1
877,원유,96,1
878,로이터상품가격지수,23,1
879,내구재,55,1
880,준내구재,32,1
881,운송,29,1
882,수주,16,1
883,기성,43,1
884,건축,32,1
885,토목,49,1
886,가동률,49,1
887,재고,93,1
888,출,41,1
889,서비스업,292,1
890,건설업,45,1
891,명목,119,1
892,순환변동치,17,1
893,전국,27,1
894,제품,169,1
895,상품,236,1
896,부각,237,1
897,성향,82,1
898,포괄,31,1
899,예정,82,1
900,입,45,1
901,엔,490,1
902,파운드,27,1
903,반전,69,1
904,스왑레이트,38,1
905,선물환,15,1
906,상당폭,282,1
907,차입,206,1
908,외화차입,69,1
909,위주,84,1
910,거주자,115,1
911,외화예금,74,1
912,수급,185,1
913,자본거래,73,1
914,순유입,168,1
915,외,90,1
916,지점,93,1
917,상환,211,1
918,외환보유액,153,1
919,표시,56,1
920,보유,164,1
921,등락,147,1
922,반,107,1
923,일시,167,1
924,경,88,1
925,장단기스프레드,70,1
926,외국,58,1
927,걸치,51,1
928,잔액,86,1
929,경신,21,1
930,현물,24,1
931,국채선물,78,1
932,목적,88,1
933,도래,82,1
934,은행채,80,1
935,부가세,25,1
936,납부,45,1
937,들어서,42,1
938,역전,81,1
939,대기업,193,1
940,고금리,82,1
941,수신,354,1
942,취급액,72,1
943,코스피,60,1
944,협상,95,1
945,가속,52,1
946,연기금,28,1
947,투자가,22,1
948,돌아,64,1
949,채권펀드,41,1
950,주식펀드,44,1
951,차익실현,38,1
952,가운,36,1
953,고객,55,1
954,신용거래,17,1
955,융자,15,1
956,펀드,159,1
957,자산운용,31,1
958,조달,342,1
959,계절적,41,1
960,운전자금,20,1
961,취급,126,1
962,저축은행,57,1
963,위험관리,78,1
964,직접금융,105,1
965,순발행,76,1
966,모기지,99,1
967,양도,79,1
968,성과,73,1
969,항목,41,1
970,집단,72,1
971,자금흐름,99,1
972,비은행,257,1
973,금융상품,36,1
974,금전신탁,40,1
975,법인자금,22,1
976,상호,76,1
977,증시,57,1
978,평잔,58,1
979,환매,32,1
980,진정,120,1
981,인출,57,1
982,최저,99,1
983,기미,23,1
984,부실채권,36,1
985,설정,94,1
986,는,99,1
987,잡,33,1
988,신뢰,90,1
989,관계,171,1
990,특별히,18,1
991,기여도,44,1
992,의존도,45,1
993,자본시장,63,1
994,민감,50,1
995,마이너스,293,1
996,중립,97,1
997,역사적,24,1
998,정의,26,1
999,지나치,50,1
1000,저조,41,1
1001,경착륙,26,1
1002,려,43,1
1003,내부,24,1
1004,부정적,362,1
1005,설,59,1
1006,유효,88,1
1007,움직이,57,1
1008,주장,114,1
1009,불확실,63,1
1010,프리미엄,133,1
1011,신용평가,20,1
1012,정확,89,1
1013,잘,135,1
1014,나타,51,1
1015,내,43,1
1016,소규모,35,1
1017,언론,37,1
1018,적정,134,1
1019,특정,78,1
1020,금액,25,1
1021,행이,163,1
1022,연구,239,1
1023,전이,46,1
1024,절상,190,1
1025,팽창,16,1
1026,부작용,95,1
1027,금융안정,466,1
1028,나아가,46,1
1029,구축,46,1
1030,위안,111,1
1031,국제화,25,1
1032,체결,24,1
1033,레버리지,65,1
1034,풍부,73,1
1035,장단기,90,1
1036,배경,187,1
1037,동결,121,1
1038,분위기,30,1
1039,조성,38,1
1040,외자,40,1
1041,새마을금고,21,1
1042,입수,25,1
1043,너무,30,1
1044,운,39,1
1045,속보,24,1
1046,업무,41,1
1047,보고서,167,1
1048,개발,92,1
1049,취하,34,1
1050,비판,19,1
1051,수수료,15,1
1052,조사,116,1
1053,저소득,18,1
1054,분위,16,1
1055,지,85,1
1056,이자,82,1
1057,저소득층,16,1
1058,대하,65,1
1059,속,162,1
1060,손실,76,1
1061,나오,88,1
1062,업종,102,1
1063,환위험,17,1
1064,헤지,36,1
1065,요청,49,1
1066,콜,33,1
1067,내리,68,1
1068,적립,16,1
1069,저해,51,1
1070,다양,226,1
1071,작성,131,1
1072,여,47,1
1073,연착륙,32,1
1074,체질,20,1
1075,과실,15,1
1076,기여,106,1
1077,경제정책,51,1
1078,기술,95,1
1079,조기,210,1
1080,관측,19,1
1081,필요시,46,1
1082,절감,15,1
1083,경쟁,79,1
1084,촉진,30,1
1085,공개,49,1
1086,철강,25,1
1087,내외,184,1
1088,계,36,1
1089,마지막,74,1
1090,정,59,1
1091,인해서,30,1
1092,음식,25,1
1093,전문,29,1
1094,과학,15,1
1095,통계,105,1
1096,인력,16,1
1097,제약요인,79,1
1098,운영,237,1
1099,선진,28,1
1100,국,137,1
1101,힘,29,1
1102,조사국,61,1
1103,제한,117,1
1104,비추,157,1
1105,경계,200,1
1106,우선,141,1
1107,활력,42,1
1108,준,25,1
1109,의사결정,29,1
1110,약하,69,1
1111,지나,28,1
1112,확장국면,30,1
1113,모멘텀,165,1
1114,소진,21,1
1115,시도,18,1
1116,지지,39,1
1117,중요,387,1
1118,형성,108,1
1119,재개,69,1
1120,열,38,1
1121,더디,93,1
1122,진전,72,1
1123,그렇,40,1
1124,시작,84,1
1125,사실,100,1
1126,의미,136,1
1127,자생적,17,1
1128,불가피,57,1
1129,확신,23,1
1130,짧,17,1
1131,감속,24,1
1132,비해서,44,1
1133,주춤,91,1
1134,실현,49,1
1135,설계,15,1
1136,극대,24,1
1137,국민,56,1
1138,상당부분,86,1
1139,취약계층,34,1
1140,이루,199,1
1141,상,184,1
1142,이슈,112,1
1143,추구,63,1
1144,삼,20,1
1145,저성장,105,1
1146,절,26,1
1147,전략,63,1
1148,접근,52,1
1149,요구,60,1
1150,작동,71,1
1151,기하,22,1
1152,직면,43,1
1153,점증,15,1
1154,양적,42,1
1155,생산성,76,1
1156,향상,30,1
1157,구성,73,1
1158,관점,118,1
1159,통화신용정책,127,1
1160,조화,41,1
1161,고민,110,1
1162,횡보,31,1
1163,용,44,1
1164,직,35,1
1165,질적,95,1
1166,고용시장,72,1
1167,정체,48,1
1168,각,31,1
1169,건전화,22,1
1170,정치,65,1
1171,갈등,40,1
1172,일각,55,1
1173,과다,43,1
1174,구제금융,26,1
1175,등,36,1
1176,의지,43,1
1177,생산자,31,1
1178,거치,21,1
1179,전월세,25,1
1180,집세,16,1
1181,만전,19,1
1182,비관,26,1
1183,역할,192,1
1184,계기,28,1
1185,판매가격,48,1
1186,보증,56,1
1187,앞두,45,1
1188,증,31,1
1189,치,32,1
1190,체감,83,1
1191,기준치,17,1
1192,하회,239,1
1193,식료품,63,1
1194,비내구재,28,1
1195,부품,34,1
1196,율,17,1
1197,보험,26,1
1198,보합,43,1
1199,했으며,16,1
1200,기능,109,1
1201,승인,15,1
1202,원대,20,1
1203,원엔,56,1
1204,차환,32,1
1205,경상거래,59,1
1206,외화자산,36,1
1207,환,48,1
1208,우량,49,1
1209,크레딧,42,1
1210,위험자산,26,1
1211,행태,125,1
1212,매력,26,1
1213,고정,85,1
1214,대출비중,57,1
1215,우대금리,34,1
1216,적용,103,1
1217,서민,35,1
1218,정부정책,45,1
1219,출시,31,1
1220,연동,19,1
1221,관,80,1
1222,련,40,1
1223,저점,37,1
1224,수출국,22,1
1225,주도,88,1
1226,업,72,1
1227,자영업자,60,1
1228,개인사업자,57,1
1229,영업,46,1
1230,제외,329,1
1231,마이너스통장대출,34,1
1232,폐지,18,1
1233,본격,89,1
1234,소멸,50,1
1235,전세자금,53,1
1236,주택구입,30,1
1237,도크,60,1
1238,지급,64,1
1239,세금,18,1
1240,영,22,1
1241,대폭,62,1
1242,현금,39,1
1243,떨어,87,1
1244,심,107,1
1245,본다고,48,1
1246,유가상승,17,1
1247,상반,39,1
1248,공업,46,1
1249,더불,116,1
1250,지난번,27,1
1251,지정학,234,1
1252,공급측면,74,1
1253,신흥,17,1
1254,차지,106,1
1255,연관,51,1
1256,소득분배,23,1
1257,나라,83,1
1258,도모,82,1
1259,바뀌,47,1
1260,조합,28,1
1261,믹스,15,1
1262,지준,24,1
1263,제반,28,1
1264,밀접,37,1
1265,자영업,34,1
1266,생계형,16,1
1267,검,25,1
1268,시계열,21,1
1269,경제구조,36,1
1270,신,15,1
1271,특성,40,1
1272,절차,26,1
1273,시일,22,1
1274,소요,34,1
1275,일례,18,1
1276,잠시,16,1
1277,여유자금,19,1
1278,대차대조표,30,1
1279,장,73,1
1280,단기화,24,1
1281,무역금융,27,1
1282,외부,79,1
1283,분명,39,1
1284,혼재,29,1
1285,상충,28,1
1286,신축,26,1
1287,탄력,28,1
1288,강,40,1
1289,총량,62,1
1290,여유,25,1
1291,별로,20,1
1292,중시,25,1
1293,저축률,37,1
1294,과잉,60,1
1295,성장성,20,1
1296,원활,56,1
1297,총액,57,1
1298,한정,21,1
1299,했으나,17,1
1300,덜,24,1
1301,미만,25,1
1302,반기,25,1
1303,외환위기,42,1
1304,등급,28,1
1305,반대,69,1
1306,방,66,1
1307,시사점,41,1
1308,상승시,15,1
1309,통상,60,1
1310,달라지,79,1
1311,벗,38,1
1312,부채비율,114,1
1313,심층,25,1
1314,공,15,1
1315,모,29,1
1316,보육,30,1
1317,수출입,36,1
1318,균형,107,1
1319,실업,21,1
1320,괴리,118,1
1321,국제기구,32,1
1322,신흥시장,30,1
1323,션,23,1
1324,적시,25,1
1325,가계부,36,1
1326,급감,18,1
1327,밝,16,1
1328,경색,22,1
1329,선순환,24,1
1330,가깝,33,1
1331,플러스,70,1
1332,하반,15,1
1333,정착,18,1
1334,여전,37,1
1335,침체국면,18,1
1336,접어들,35,1
1337,뒷받침,80,1
1338,초점,50,1
1339,급증,45,1
1340,서로,46,1
1341,성격,59,1
1342,안정화,107,1
1343,전통적,30,1
1344,역량,43,1
1345,환경,80,1
1346,다르,100,1
1347,개정,80,1
1348,첨언,362,1
1349,대신,23,1
1350,대안,32,1
1351,곡물,72,1
1352,재건축,21,1
1353,선제,100,1
1354,순유,26,1
1355,출로,25,1
1356,건전,17,1
1357,표현,28,1
1358,뚜렷이,21,1
1359,재무,43,1
1360,금융시스템,147,1
1361,유념,82,1
1362,거론,29,1
1363,약간,22,1
1364,대체,49,1
1365,진국,16,1
1366,복귀,41,1
1367,개편,56,1
1368,정책과제,19,1
1369,미래,52,1
1370,순,18,1
1371,재무구조,31,1
1372,자산시장,31,1
1373,항상,25,1
1374,견실,46,1
1375,규정,80,1
1376,담당,51,1
1377,보가,22,1
1378,긍정적,205,1
1379,앞당기,15,1
1380,교차,25,1
1381,도소매,22,1
1382,전세,68,1
1383,맞,42,1
1384,상호금융,27,1
1385,집행,123,1
1386,법인,23,1
1387,속하,24,1
1388,애로,44,1
1389,부동산임대업,23,1
1390,전면,19,1
1391,대출태도,49,1
1392,업종별,25,1
1393,총액한도대출제도,16,1
1394,동의,71,1
1395,최초,17,1
1396,정책금융,17,1
1397,현실,40,1
1398,밖,18,1
1399,동,107,1
1400,비전통적,37,1
1401,효율성,48,1
1402,선별적,18,1
1403,별첨,50,1
1404,원리금,43,1
1405,성장기여도,47,1
1406,민감도,32,1
1407,의구심,20,1
1408,리가,18,1
1409,패턴,48,1
1410,이연,36,1
1411,특이,50,1
1412,새로,19,1
1413,충분,80,1
1414,소비성향,33,1
1415,고령화,83,1
1416,못,34,1
1417,자극,16,1
1418,상이,51,1
1419,뒤,15,1
1420,특징,33,1
1421,분야,22,1
1422,노동,66,1
1423,양극화,33,1
1424,분배,15,1
1425,저하,93,1
1426,찾,54,1
1427,주력,38,1
1428,불안정성,78,1
1429,동조,62,1
1430,시킬,113,1
1431,상대국,20,1
1432,이용,72,1
1433,차액,15,1
1434,중간,15,1
1435,결제,64,1
1436,경감,15,1
1437,스왑,90,1
1438,시장성,19,1
1439,파급경로,77,1
1440,이론,40,1
1441,이해,94,1
1442,금융중개기능,34,1
1443,연장,38,1
1444,중단,24,1
1445,상각,16,1
1446,덧붙이,283,1
1447,경영,48,1
1448,보인다는,220,1
1449,계정,15,1
1450,그대로,16,1
1451,사이클,248,1
1452,측정,27,1
1453,조건,109,1
1454,제출,25,1
1455,수요측면,88,1
1456,생활,28,1
1457,책임,39,1
1458,원활히,39,1
1459,마무리,23,1
1460,고용창출,16,1
1461,경제활동참가율,23,1
1462,상환능력,35,1
1463,몰리,20,1
1464,예산,47,1
1465,습,37,1
1466,내재,50,1
1467,재연,20,1
1468,어떻게,152,1
1469,수익률,75,1
1470,문,62,1
1471,대다수,15,1
1472,지정,29,1
1473,마이너스성장,19,1
1474,가시,64,1
1475,타당,36,1
1476,활,27,1
1477,승하,23,1
1478,악순환,32,1
1479,기구,21,1
1480,사후,29,1
1481,포착,32,1
1482,근거,74,1
1483,의존,57,1
1484,전후,34,1
1485,판,32,1
1486,단,29,1
1487,중개,15,1
1488,형태,54,1
1489,체계,119,1
1490,뮤,24,1
1491,가상,29,1
1492,자원배분,15,1
1493,잠재력,67,1
1494,근접,69,1
1495,가하,29,1
1496,좁,45,1
1497,에너지제외지수,29,1
1498,마감,27,1
1499,기금,19,1
1500,재투자,19,1
1501,절반,23,1
1502,계절요인,47,1
1503,록,21,1
1504,주식발행,15,1
1505,순상환,72,1
1506,취득세,21,1
1507,감면,22,1
1508,혜택,50,1
1509,신용협동기구,34,1
1510,상여금,29,1
1511,향방,44,1
1512,서베이,42,1
1513,얼마,16,1
1514,통관기준,42,1
1515,양자,21,1
1516,공장,23,1
1517,통관,34,1
1518,질,26,1
1519,모형,67,1
1520,단순,15,1
1521,수출기업,25,1
1522,성,33,1
1523,내포,21,1
1524,장점,16,1
1525,조만간,22,1
1526,이벤트,16,1
1527,다각도,16,1
1528,함의,18,1
1529,예측,108,1
1530,담보,113,1
1531,취,20,1
1532,선물,18,1
1533,반해,31,1
1534,제,36,1
1535,금융권,34,1
1536,정기,25,1
1537,주체,30,1
1538,국채선물시장,24,1
1539,데이터,36,1
1540,부서,17,1
1541,맞물리,37,1
1542,사안,16,1
1543,감독,59,1
1544,적어도,16,1
1545,디플레이션,178,1
1546,치를,21,1
1547,다루,15,1
1548,밀,20,1
1549,엔저현상,16,1
1550,좌우,27,1
1551,진이,20,1
1552,구,22,1
1553,비교적,102,1
1554,탈퇴,27,1
1555,절하,89,1
1556,이끄,23,1
1557,타,21,1
1558,커뮤니케이션,171,1
1559,부연,22,1
1560,훼손,42,1
1561,안전,16,1
1562,실적치,18,1
1563,가파르,42,1
1564,소통,17,1
1565,채널,15,1
1566,연계,138,1
1567,누증,47,1
1568,즉각,19,1
1569,낫,42,1
1570,테일리스크,23,1
1571,사라지,17,1
1572,합리적,20,1
1573,안정성,52,1
1574,운송장,29,1
1575,계절조정,53,1
1576,신용스프레드,80,1
1577,엇갈리,44,1
1578,수도,19,1
1579,항,24,1
1580,금융안정보고서,54,1
1581,협의회,53,1
1582,심사,15,1
1583,참여,36,1
1584,흡수,41,1
1585,상세히,15,1
1586,무상,36,1
1587,존재,51,1
1588,주거비,29,1
1589,분양,23,1
1590,착공,15,1
1591,저축,123,1
1592,용도,30,1
1593,세제,33,1
1594,견,39,1
1595,근로시간,15,1
1596,참가,19,1
1597,공기업,30,1
1598,순응성,15,1
1599,추,49,1
1600,살,33,1
1601,인구구조,33,1
1602,충실히,24,1
1603,담,18,1
1604,물가안정목표제,38,1
1605,채택,16,1
1606,출구전략,26,1
1607,소개,171,1
1608,상기,34,1
1609,나누,16,1
1610,니케,20,1
1611,펴,15,1
1612,지자체,18,1
1613,서서히,35,1
1614,이례적,38,1
1615,인플레이션갭,48,1
1616,분면,24,1
1617,파급시차,22,1
1618,끝,70,1
1619,실제로,56,1
1620,다수,52,1
1621,독립,17,1
1622,트,28,1
1623,맥락,54,1
1624,의사록,33,1
1625,만들,21,1
1626,국채시장,20,1
1627,편익,19,1
1628,합,21,1
1629,명하,16,1
1630,사업,33,1
1631,독자,17,1
1632,스스로,15,1
1633,수반,36,1
1634,통제,29,1
1635,가공,17,1
1636,월대,27,1
1637,임대,35,1
1638,임시,23,1
1639,락하,25,1
1640,시사,99,1
1641,팔,21,1
1642,법인세,19,1
1643,만약,23,1
1644,산출,32,1
1645,기울이,26,1
1646,보조,30,1
1647,재정절벽,17,1
1648,편제,23,1
1649,맞추,54,1
1650,감내,23,1
1651,협력,28,1
1652,타격,17,1
1653,차주,71,1
1654,분포,21,1
1655,원칙,45,1
1656,입주,16,1
1657,분쟁,67,1
1658,불황,20,1
1659,완충,45,1
1660,활성화,193,1
1661,강도,39,1
1662,정책조합,40,1
1663,용어,16,1
1664,발휘,20,1
1665,축적,64,1
1666,개방경제,25,1
1667,시현,27,1
1668,집계,25,1
1669,추경,145,1
1670,편성,44,1
1671,투입,19,1
1672,동반,49,1
1673,밑돌,25,1
1674,기울여야,24,1
1675,석,22,1
1676,분,17,1
1677,완전히,27,1
1678,주거,22,1
1679,예컨대,24,1
1680,외부충격,20,1
1681,관찰,39,1
1682,경기순환,75,1
1683,진단,31,1
1684,예단,15,1
1685,돕,16,1
1686,누적,115,1
1687,그,15,1
1688,가져오,17,1
1689,축,19,1
1690,설비투자지수,21,1
1691,비주거,19,1
1692,건물,34,1
1693,두드러지,17,1
1694,자,15,1
1695,준비,31,1
1696,유형,18,1
1697,연구개발,29,1
1698,보강,25,1
1699,추후,26,1
1700,복원력,57,1
1701,단위,16,1
1702,만일,99,1
1703,공통,20,1
1704,과열,21,1
1705,육성,22,1
1706,자금중개기능,18,1
1707,창출,18,1
1708,제도개선,23,1
1709,기술적,24,1
1710,차익거래,64,1
1711,채권자금,69,1
1712,부합,76,1
1713,캐리,29,1
1714,고수익,22,1
1715,양국,22,1
1716,유동화,27,1
1717,금융규제,22,1
1718,금융자산,37,1
1719,양,34,1
1720,부실기업,20,1
1721,불투명,25,1
1722,주택매매,29,1
1723,그럼에도,18,1
1724,다각,20,1
1725,불과,17,1
1726,여수신,80,1
1727,다수결,16,1
1728,명백히,19,1
1729,의사,27,1
1730,인정,18,1
1731,공개시장,29,1
1732,정성,19,1
1733,대선,22,1
1734,분류,19,1
1735,저물가,160,1
1736,디스인플레이션,30,1
1737,부양책,56,1
1738,중후반,25,1
1739,물가채,19,1
1740,왜곡,19,1
1741,크기,24,1
1742,중견,17,1
1743,선반영,21,1
1744,기간프리미엄,54,1
1745,매크로,17,1
1746,단순히,19,1
1747,보수,19,1
1748,재점검,23,1
1749,특수,21,1
1750,상업,41,1
1751,수년,17,1
1752,심도,17,1
1753,프로그램,73,1
1754,영역,22,1
1755,사료,18,1
1756,논란,51,1
1757,공감대,15,1
1758,개념,20,1
1759,지체,20,1
1760,회복력,17,1
1761,파장,16,1
1762,갖추,19,1
1763,단행,26,1
1764,근,42,1
1765,생기,23,1
1766,변동금리부,21,1
1767,고정금리부,17,1
1768,여지,18,1
1769,산유국,25,1
1770,주거용건물,23,1
1771,현지,36,1
1772,거래일,15,1
1773,가입,24,1
1774,예치,16,1
1775,적금,15,1
1776,상관관계,39,1
1777,료,15,1
1778,역대,23,1
1779,목,40,1
1780,타결,21,1
1781,인프라,30,1
1782,중간재,17,1
1783,곤란,18,1
1784,간접,26,1
1785,정비,19,1
1786,우량등급,41,1
1787,담보대출,22,1
1788,의도,33,1
1789,조건부,16,1
1790,적격,23,1
1791,이자보상배율,16,1
1792,매출,32,1
1793,객관,17,1
1794,가이던스,16,1
1795,환경변화,17,1
1796,얼마나,40,1
1797,상하방,49,1
1798,간접금융,30,1
1799,이력효과,21,1
1800,고착,18,1
1801,회복국면,38,1
1802,가늠,34,1
1803,자연,22,1
1804,통화정책방향결정회의,40,1
1805,그리스사태,41,1
1806,비우량,78,1
1807,결제성자금,15,1
1808,관계자,21,1
1809,확정,22,1
1810,날,20,1
1811,곳,16,1
1812,달하,45,1
1813,통과,19,1
1814,거리,21,1
1815,접근성,20,1
1816,구간,26,1
1817,가량,15,1
1818,역외,40,1
1819,안건,33,1
1820,발굴,16,1
1821,매년,17,1
1822,금융지원,28,1
1823,메커니즘,20,1
1824,일단,25,1
1825,계부,20,1
1826,세입,16,1
1827,자동,18,1
1828,아베노믹스,42,1
1829,가정,38,1
1830,소위,32,1
1831,임계,15,1
1832,궁극적,25,1
1833,창업,15,1
1834,동력,15,1
1835,최종,22,1
1836,개별소비세,16,1
1837,강력,20,1
1838,토대,30,1
1839,전례,18,1
1840,가처분,23,1
1841,혁신,36,1
1842,하한,54,1
1843,정립,15,1
1844,유보,19,1
1845,이율,19,1
1846,엔저,75,1
1847,호황,16,1
1848,수축국면,17,1
1849,상승국면,15,1
1850,노출,22,1
1851,제로금리,15,1
1852,포워드가이던스,71,1
1853,고평가,26,1
1854,수요자,16,1
1855,명확히,32,1
1856,안착,35,1
1857,통화정책방향회의,24,1
1858,부채한도,16,1
1859,배럴,23,1
1860,정정불안,32,1
1861,매각,27,1
1862,신설,19,1
1863,견고,15,1
1864,최저임금,23,1
1865,언,27,1
1866,계산,16,1
1867,개입,15,1
1868,유의미한,23,1
1869,시장안정화조치,21,1
1870,사람,18,1
1871,숙박,24,1
1872,저인플레이션,54,1
1873,할지,20,1
1874,테이퍼링,49,1
1875,취지,59,1
1876,구조개혁,71,1
1877,소비세,45,1
1878,외수,17,1
1879,갈수록,24,1
1880,깊이,16,1
1881,신중히,31,1
1882,실효환율,66,1
1883,허용,18,1
1884,위안화예금,23,1
1885,재원,16,1
1886,비트코인,36,1
1887,간과,16,1
1888,시설자금,15,1
1889,투자은행,16,1
1890,서술,17,1
1891,기한,32,1
1892,재정증권,20,1
1893,월세,33,1
1894,그림자금융,45,1
1895,사고,65,1
1896,익스포저,25,1
1897,금융감독당국,15,1
1898,세부,50,1
1899,재무비율,15,1
1900,사건,29,1
1901,수록,26,1
1902,금융중개지원대출,86,1
1903,우크라이나사태,31,1
1904,세월,87,1
1905,공공자금,17,1
1906,질의,92,1
1907,필립스곡선,15,1
1908,증권자금,15,1
1909,스트레스테스트,29,1
1910,출산,19,1
1911,디플레이터,16,1
1912,원위안,16,1
1913,직거래시장,15,1
1914,소상공인,25,1
1915,처분가능,30,1
1916,유휴생산능력,64,1
1917,재화,25,1
1918,담배가격,27,1
1919,통화신용정책보고서,23,1
1920,저유가,46,1
1921,연차보고서,19,1
1922,외환유출입,20,1
1923,국책은행,18,1
1924,브렉시트,89,1
1925,경기민감물가,29,1
1926,지급결제제도,18,1
1927,보호무역주의,27,1
1928,이전지출,17,1
1929,주의깊,22,1
1930,지식재산,16,1
1931,생산물,16,1
1932,코로나,507,1
1933,바이러스,24,1
1934,공급망,29,1
1935,방역,39,1
1936,팬데믹,40,1
1937,특별대출,16,1
1938,접종,22,1
1939,대면,21,1
1940,변이,17,1
1941,자녀,24,1
1942,전기차,37,1
1943,홍콩,18,1
