Word,Unnamed: 0_dovish,P(count),N,Unnamed: 0_hawkish,N(conut),P
표,0.0,37.0,1.0,488.0,32.0,1.0
만기,1.0,157.0,1.0,405.0,206.0,1.0
회사채,2.0,440.0,1.0,900.0,421.0,1.0
종목,3.0,24.0,1.0,8.0,101.0,1.0
신용등급,4.0,94.0,1.0,925.0,90.0,1.0
발행,5.0,291.0,1.0,860.0,266.0,1.0
액,6.0,25.0,1.0,958.0,19.0,1.0
달러,7.0,917.0,1.0,611.0,746.0,1.0
대상,8.0,200.0,1.0,361.0,149.0,1.0
원,9.0,51.0,1.0,569.0,72.0,1.0
발전,10.0,91.0,1.0,721.0,48.0,1.0
자료,11.0,189.0,1.0,7.0,119.0,1.0
투자,12.0,1974.0,1.0,325.0,1356.0,1.0
증권,13.0,357.0,1.0,575.0,359.0,1.0
은행,14.0,1344.0,1.0,0.0,843.0,1.0
순매수,15.0,147.0,1.0,1.0,153.0,1.0
상위,16.0,22.0,1.0,2.0,93.0,1.0
순매도,17.0,134.0,1.0,3.0,132.0,1.0
외국인,18.0,807.0,1.0,6.0,664.0,1.0
만기수익률,19.0,16.0,1.0,9.0,87.0,1.0
수량,20.0,35.0,1.0,10.0,177.0,1.0
잔존만기,21.0,41.0,1.0,11.0,174.0,1.0
국고채,22.0,302.0,1.0,13.0,665.0,1.0
통안채,23.0,160.0,1.0,12.0,443.0,1.0
합계,24.0,18.0,1.0,14.0,91.0,1.0
종,25.0,25.0,1.0,16.0,24.0,1.0
변,26.0,58.0,1.0,23.0,31.0,1.0
토의,27.0,189.0,1.0,34.0,181.0,1.0
내용,28.0,456.0,1.0,32.0,417.0,1.0
기관,29.0,304.0,1.0,493.0,217.0,1.0
선정,30.0,47.0,1.0,1255.0,27.0,1.0
신규,31.0,186.0,1.0,209.0,166.0,1.0
신청,32.0,26.0,1.0,935.0,48.0,1.0
동일,33.0,73.0,1.0,1159.0,50.0,1.0
기준,34.0,601.0,1.0,768.0,422.0,1.0
함께,35.0,340.0,1.0,119.0,265.0,1.0
평가,36.0,928.0,1.0,415.0,931.0,1.0
하,37.0,31837.0,1.0,15.0,24851.0,1.0
않,38.0,1724.0,1.0,66.0,1465.0,1.0
구분,39.0,75.0,1.0,291.0,58.0,1.0
이유,40.0,158.0,1.0,243.0,162.0,1.0
대해,41.0,2054.0,1.0,88.0,1724.0,1.0
물,42.0,977.0,1.0,142.0,664.0,1.0
높,43.0,2283.0,1.0,70.0,2244.0,1.0
당,44.0,257.0,1.0,1291.0,151.0,1.0
행과,45.0,22.0,1.0,0.0,0.0,0.0
거래,46.0,429.0,1.0,662.0,300.0,1.0
실적,47.0,196.0,1.0,473.0,178.0,1.0
미미,48.0,18.0,1.0,0.0,0.0,0.0
로,49.0,397.0,1.0,252.0,357.0,1.0
어렵,50.0,664.0,1.0,292.0,466.0,1.0
답변,51.0,1349.0,1.0,101.0,1062.0,1.0
결과,52.0,694.0,1.0,114.0,520.0,1.0
발표,53.0,221.0,1.0,667.0,173.0,1.0
충분히,54.0,146.0,1.0,64.0,91.0,1.0
설명,55.0,586.0,1.0,317.0,419.0,1.0
이전,56.0,162.0,1.0,187.0,178.0,1.0
비율,57.0,173.0,1.0,194.0,125.0,1.0
여부,58.0,249.0,1.0,321.0,175.0,1.0
금융기관,59.0,519.0,1.0,337.0,344.0,1.0
필요,60.0,2628.0,1.0,85.0,2038.0,1.0
수,61.0,86.0,1.0,116.0,95.0,1.0
시,62.0,301.0,1.0,952.0,176.0,1.0
제공,63.0,106.0,1.0,1023.0,39.0,1.0
또,64.0,486.0,1.0,93.0,411.0,1.0
공개시장조작,65.0,28.0,1.0,1490.0,24.0,1.0
되,66.0,16863.0,1.0,44.0,13131.0,1.0
실질,67.0,334.0,1.0,547.0,250.0,1.0
받,68.0,485.0,1.0,1008.0,407.0,1.0
경제,69.0,4977.0,1.0,122.0,3430.0,1.0
이익,70.0,31.0,1.0,286.0,21.0,1.0
직접,71.0,168.0,1.0,646.0,108.0,1.0
얻,72.0,44.0,1.0,1465.0,30.0,1.0
크,73.0,3822.0,1.0,72.0,3274.0,1.0
따르,74.0,1507.0,1.0,166.0,1221.0,1.0
제고,75.0,230.0,1.0,388.0,121.0,1.0
효과,76.0,1093.0,1.0,48.0,635.0,1.0
상당,77.0,261.0,1.0,670.0,182.0,1.0
보,78.0,4874.0,1.0,31.0,3893.0,1.0
사회,79.0,62.0,1.0,1200.0,83.0,1.0
문제,80.0,813.0,1.0,360.0,522.0,1.0
서,81.0,299.0,1.0,282.0,239.0,1.0
별도,82.0,23.0,1.0,1511.0,26.0,1.0
고려,83.0,1053.0,1.0,65.0,697.0,1.0
법,84.0,42.0,1.0,1344.0,23.0,1.0
명확,85.0,24.0,1.0,290.0,21.0,1.0
결정,86.0,646.0,1.0,225.0,459.0,1.0
나,87.0,55.0,1.0,772.0,31.0,1.0
전,88.0,121.0,1.0,660.0,105.0,1.0
같,89.0,1063.0,1.0,81.0,801.0,1.0
사항,90.0,232.0,1.0,50.0,224.0,1.0
미리,91.0,28.0,1.0,1075.0,15.0,1.0
반영,92.0,651.0,1.0,51.0,547.0,1.0
면,93.0,185.0,1.0,605.0,126.0,1.0
있,94.0,7405.0,1.0,106.0,5554.0,1.0
사전,95.0,81.0,1.0,1038.0,60.0,1.0
공표,96.0,16.0,1.0,1254.0,19.0,1.0
바람직,97.0,340.0,1.0,389.0,261.0,1.0
판단,98.0,1156.0,1.0,254.0,823.0,1.0
중,99.0,2399.0,1.0,270.0,1776.0,1.0
개,100.0,37.0,1.0,1145.0,25.0,1.0
줄,101.0,446.0,1.0,177.0,420.0,1.0
특별,102.0,30.0,1.0,1275.0,21.0,1.0
최소,103.0,66.0,1.0,649.0,32.0,1.0
미,104.0,529.0,1.0,752.0,600.0,1.0
발생,105.0,498.0,1.0,77.0,340.0,1.0
수준,106.0,2366.0,1.0,304.0,2090.0,1.0
장기간,107.0,94.0,1.0,95.0,54.0,1.0
유지,108.0,1443.0,1.0,314.0,1060.0,1.0
점,109.0,2426.0,1.0,217.0,1496.0,1.0
행도,110.0,24.0,1.0,1605.0,16.0,1.0
중기,111.0,181.0,1.0,519.0,128.0,1.0
어떠,112.0,57.0,1.0,489.0,115.0,1.0
운용,113.0,581.0,1.0,445.0,422.0,1.0
검토,114.0,188.0,1.0,491.0,102.0,1.0
정책,115.0,1468.0,1.0,99.0,992.0,1.0
협조,116.0,27.0,1.0,0.0,0.0,0.0
해서,117.0,279.0,1.0,471.0,147.0,1.0
구체적,118.0,126.0,1.0,791.0,115.0,1.0
투명,119.0,25.0,1.0,0.0,0.0,0.0
정하,120.0,52.0,1.0,1220.0,50.0,1.0
당부,121.0,293.0,1.0,1319.0,295.0,1.0
심의,122.0,117.0,1.0,789.0,164.0,1.0
원안,123.0,49.0,1.0,939.0,80.0,1.0
가결,124.0,105.0,1.0,795.0,129.0,1.0
의결,125.0,161.0,1.0,792.0,220.0,1.0
붙임,126.0,100.0,1.0,940.0,152.0,1.0
같이,127.0,428.0,1.0,525.0,395.0,1.0
안,128.0,241.0,1.0,267.0,251.0,1.0
생략,129.0,52.0,1.0,1167.0,83.0,1.0
통화정책,130.0,2075.0,1.0,28.0,1657.0,1.0
조,131.0,92.0,1.0,24.0,94.0,1.0
의거,132.0,48.0,1.0,25.0,72.0,1.0
의안,133.0,42.0,1.0,26.0,81.0,1.0
통,134.0,32.0,1.0,873.0,43.0,1.0
책,135.0,27.0,1.0,639.0,27.0,1.0
방향,136.0,913.0,1.0,29.0,626.0,1.0
상정,137.0,35.0,1.0,30.0,44.0,1.0
접수,138.0,20.0,1.0,33.0,19.0,1.0
국내외,139.0,473.0,1.0,35.0,373.0,1.0
경제동향,140.0,196.0,1.0,36.0,131.0,1.0
과,141.0,288.0,1.0,37.0,186.0,1.0
세계,142.0,844.0,1.0,630.0,645.0,1.0
우,143.0,86.0,1.0,953.0,56.0,1.0
미치,144.0,987.0,1.0,182.0,817.0,1.0
영향,145.0,2580.0,1.0,94.0,2261.0,1.0
낮,146.0,1378.0,1.0,149.0,913.0,1.0
국제,147.0,1317.0,1.0,74.0,949.0,1.0
교역,148.0,267.0,1.0,782.0,255.0,1.0
구조,149.0,176.0,1.0,22.0,106.0,1.0
변화,150.0,1045.0,1.0,129.0,832.0,1.0
충,151.0,17.0,1.0,0.0,0.0,0.0
못하,152.0,366.0,1.0,138.0,195.0,1.0
실,153.0,46.0,1.0,786.0,44.0,1.0
나타나,154.0,1778.0,1.0,137.0,1712.0,1.0
수출,155.0,1900.0,1.0,507.0,1192.0,1.0
차,156.0,92.0,1.0,535.0,82.0,1.0
지하,157.0,15.0,1.0,0.0,0.0,0.0
비중,158.0,321.0,1.0,770.0,226.0,1.0
매우,159.0,349.0,1.0,108.0,261.0,1.0
국가,160.0,474.0,1.0,271.0,387.0,1.0
작,161.0,248.0,1.0,308.0,215.0,1.0
성장,162.0,2086.0,1.0,487.0,1533.0,1.0
견인,163.0,53.0,1.0,1457.0,40.0,1.0
오,164.0,117.0,1.0,711.0,71.0,1.0
요소,165.0,62.0,1.0,522.0,35.0,1.0
소비,166.0,1571.0,1.0,373.0,1272.0,1.0
아니,167.0,534.0,1.0,276.0,394.0,1.0
물가,168.0,3446.0,1.0,39.0,3935.0,1.0
안정,169.0,1127.0,1.0,46.0,908.0,1.0
위하,170.0,1171.0,1.0,98.0,708.0,1.0
기조,171.0,619.0,1.0,363.0,615.0,1.0
가능성,172.0,1949.0,1.0,71.0,1355.0,1.0
대중,173.0,23.0,1.0,1234.0,16.0,1.0
호조,174.0,317.0,1.0,508.0,272.0,1.0
계속,175.0,546.0,1.0,584.0,487.0,1.0
이어지,176.0,614.0,1.0,374.0,666.0,1.0
전망,177.0,2543.0,1.0,69.0,2003.0,1.0
적극,178.0,94.0,1.0,928.0,42.0,1.0
지적,179.0,647.0,1.0,73.0,348.0,1.0
소비자,180.0,850.0,1.0,140.0,806.0,1.0
경로,181.0,608.0,1.0,1085.0,506.0,1.0
상향,182.0,88.0,1.0,799.0,111.0,1.0
이탈,183.0,42.0,1.0,1192.0,45.0,1.0
추석,184.0,28.0,1.0,0.0,0.0,0.0
인하,185.0,1508.0,1.0,199.0,816.0,1.0
오르,186.0,246.0,1.0,567.0,249.0,1.0
농산물,187.0,349.0,1.0,425.0,128.0,1.0
가격,188.0,1330.0,1.0,61.0,1250.0,1.0
하방,189.0,531.0,1.0,602.0,374.0,1.0
경직,190.0,38.0,1.0,1351.0,54.0,1.0
가지,191.0,185.0,1.0,498.0,150.0,1.0
상당기간,192.0,131.0,1.0,1061.0,116.0,1.0
지속,193.0,2623.0,1.0,96.0,2250.0,1.0
인상,194.0,815.0,1.0,62.0,1247.0,1.0
진행,195.0,192.0,1.0,947.0,155.0,1.0
근원,196.0,488.0,1.0,827.0,526.0,1.0
인플레이션,197.0,1254.0,1.0,55.0,1325.0,1.0
기대,198.0,1604.0,1.0,56.0,1318.0,1.0
오름,199.0,415.0,1.0,570.0,507.0,1.0
기조적,200.0,103.0,1.0,1347.0,173.0,1.0
상승,201.0,3132.0,1.0,57.0,3522.0,1.0
압력,202.0,593.0,1.0,431.0,711.0,1.0
가중,203.0,29.0,1.0,113.0,54.0,1.0
시키,204.0,226.0,1.0,97.0,199.0,1.0
감안,205.0,833.0,1.0,131.0,625.0,1.0
때,206.0,1208.0,1.0,132.0,871.0,1.0
장기,207.0,950.0,1.0,107.0,687.0,1.0
고착화,208.0,29.0,1.0,686.0,22.0,1.0
유의,209.0,623.0,1.0,384.0,434.0,1.0
중점,210.0,41.0,1.0,524.0,54.0,1.0
두,211.0,196.0,1.0,183.0,245.0,1.0
견해,212.0,1428.0,1.0,334.0,998.0,1.0
제시,213.0,702.0,1.0,181.0,485.0,1.0
지속성,214.0,46.0,1.0,227.0,86.0,1.0
강하,215.0,102.0,1.0,624.0,76.0,1.0
추세,216.0,433.0,1.0,517.0,342.0,1.0
요인,217.0,1494.0,1.0,54.0,1305.0,1.0
더욱,218.0,299.0,1.0,135.0,234.0,1.0
경기,219.0,2833.0,1.0,79.0,2122.0,1.0
나쁘,220.0,35.0,1.0,1110.0,32.0,1.0
거시정책,221.0,86.0,1.0,230.0,31.0,1.0
추진,222.0,246.0,1.0,448.0,123.0,1.0
초래,223.0,154.0,1.0,115.0,119.0,1.0
우려,224.0,1131.0,1.0,378.0,956.0,1.0
표명,225.0,235.0,1.0,87.0,143.0,1.0
늘,226.0,813.0,1.0,207.0,640.0,1.0
의,227.0,92.0,1.0,548.0,77.0,1.0
엔달러,228.0,21.0,1.0,0.0,0.0,0.0
환율,229.0,654.0,1.0,229.0,530.0,1.0
빠르,230.0,357.0,1.0,421.0,431.0,1.0
하락,231.0,2840.0,1.0,188.0,1869.0,1.0
기인,232.0,507.0,1.0,82.0,371.0,1.0
글로벌,233.0,1420.0,1.0,89.0,1100.0,1.0
둔화,234.0,1276.0,1.0,172.0,1367.0,1.0
피해,235.0,40.0,1.0,1322.0,25.0,1.0
여건,236.0,1134.0,1.0,128.0,909.0,1.0
어떻,237.0,19.0,1.0,1613.0,23.0,1.0
예상,238.0,1549.0,1.0,216.0,1454.0,1.0
신흥국,239.0,821.0,1.0,78.0,512.0,1.0
약화,240.0,538.0,1.0,701.0,430.0,1.0
불구,241.0,605.0,1.0,239.0,433.0,1.0
계층,242.0,39.0,1.0,357.0,37.0,1.0
차별화,243.0,220.0,1.0,1306.0,118.0,1.0
소득,244.0,412.0,1.0,356.0,301.0,1.0
상대적,245.0,299.0,1.0,355.0,235.0,1.0
으,246.0,86.0,1.0,883.0,69.0,1.0
회복,247.0,2222.0,1.0,80.0,1601.0,1.0
부족,248.0,114.0,1.0,211.0,80.0,1.0
현상,249.0,521.0,1.0,269.0,319.0,1.0
당분간,250.0,258.0,1.0,556.0,241.0,1.0
답,251.0,49.0,1.0,189.0,31.0,1.0
변하,252.0,72.0,1.0,190.0,47.0,1.0
악화,253.0,468.0,1.0,238.0,376.0,1.0
증가,254.0,3217.0,1.0,90.0,2488.0,1.0
수입,255.0,195.0,1.0,690.0,140.0,1.0
자본재,256.0,21.0,1.0,0.0,0.0,0.0
중심,257.0,1228.0,1.0,251.0,943.0,1.0
더,258.0,868.0,1.0,83.0,607.0,1.0
따,259.0,85.0,1.0,248.0,54.0,1.0
경상,260.0,399.0,1.0,563.0,266.0,1.0
수지,261.0,514.0,1.0,564.0,336.0,1.0
흑자,262.0,461.0,1.0,565.0,269.0,1.0
확대,263.0,2624.0,1.0,179.0,2219.0,1.0
무역,264.0,220.0,1.0,604.0,254.0,1.0
이행,265.0,28.0,1.0,1397.0,20.0,1.0
주,266.0,260.0,1.0,41.0,201.0,1.0
감소,267.0,1309.0,1.0,246.0,1118.0,1.0
파악,268.0,194.0,1.0,1321.0,131.0,1.0
각종,269.0,67.0,1.0,1190.0,45.0,1.0
지표,270.0,1003.0,1.0,301.0,756.0,1.0
고용,271.0,669.0,1.0,422.0,782.0,1.0
부진,272.0,1302.0,1.0,371.0,893.0,1.0
공조,273.0,43.0,1.0,1054.0,15.0,1.0
침체,274.0,158.0,1.0,664.0,126.0,1.0
를,275.0,60.0,1.0,494.0,66.0,1.0
겪,276.0,78.0,1.0,698.0,56.0,1.0
전세계,277.0,78.0,1.0,982.0,49.0,1.0
없,278.0,758.0,1.0,170.0,547.0,1.0
기업,279.0,1512.0,1.0,58.0,1106.0,1.0
수익성,280.0,122.0,1.0,959.0,46.0,1.0
양호,281.0,464.0,1.0,657.0,439.0,1.0
견조,282.0,153.0,1.0,804.0,153.0,1.0
빠지,283.0,38.0,1.0,1222.0,20.0,1.0
유가,284.0,583.0,1.0,75.0,507.0,1.0
빨리,285.0,40.0,1.0,1345.0,20.0,1.0
집,286.0,18.0,1.0,0.0,0.0,0.0
서비스,287.0,187.0,1.0,529.0,292.0,1.0
공공요금,288.0,72.0,1.0,449.0,91.0,1.0
꾸준히,289.0,109.0,1.0,654.0,89.0,1.0
이러,290.0,905.0,1.0,299.0,684.0,1.0
금년도,291.0,80.0,1.0,937.0,67.0,1.0
목표,292.0,466.0,1.0,435.0,383.0,1.0
달성,293.0,99.0,1.0,531.0,57.0,1.0
용이,294.0,21.0,1.0,0.0,0.0,0.0
특히,295.0,600.0,1.0,617.0,344.0,1.0
방안,296.0,455.0,1.0,643.0,255.0,1.0
인,297.0,117.0,1.0,324.0,102.0,1.0
세수,298.0,80.0,1.0,1230.0,19.0,1.0
부담,299.0,316.0,1.0,206.0,364.0,1.0
진작,300.0,46.0,1.0,987.0,29.0,1.0
유용,301.0,26.0,1.0,1521.0,21.0,1.0
단기,302.0,551.0,1.0,104.0,461.0,1.0
대응,303.0,745.0,1.0,84.0,592.0,1.0
협의,304.0,57.0,1.0,1053.0,60.0,1.0
적극적,305.0,233.0,1.0,499.0,110.0,1.0
논의,306.0,210.0,1.0,476.0,195.0,1.0
해볼,307.0,83.0,1.0,1374.0,94.0,1.0
의견,308.0,1503.0,1.0,86.0,1210.0,1.0
확장,309.0,102.0,1.0,1218.0,79.0,1.0
재정정책,310.0,193.0,1.0,1520.0,78.0,1.0
양적완화,311.0,503.0,1.0,515.0,99.0,1.0
실행,312.0,67.0,1.0,1001.0,43.0,1.0
경제주체,313.0,396.0,1.0,621.0,230.0,1.0
자국,314.0,32.0,1.0,1400.0,20.0,1.0
경쟁력,315.0,82.0,1.0,497.0,41.0,1.0
자신,316.0,26.0,1.0,0.0,0.0,0.0
통하,317.0,850.0,1.0,162.0,659.0,1.0
조절,318.0,60.0,1.0,612.0,61.0,1.0
구조적,319.0,365.0,1.0,465.0,246.0,1.0
점검,320.0,664.0,1.0,469.0,486.0,1.0
피력,321.0,219.0,1.0,268.0,74.0,1.0
사이,322.0,28.0,1.0,1477.0,21.0,1.0
상당히,323.0,289.0,1.0,1047.0,146.0,1.0
확산,324.0,504.0,1.0,221.0,657.0,1.0
수행,325.0,115.0,1.0,724.0,63.0,1.0
가능,326.0,144.0,1.0,171.0,98.0,1.0
수렴,327.0,35.0,1.0,950.0,43.0,1.0
다시,328.0,312.0,1.0,658.0,205.0,1.0
짚,329.0,25.0,1.0,1579.0,19.0,1.0
금융위기,330.0,348.0,1.0,294.0,173.0,1.0
달리,331.0,150.0,1.0,280.0,144.0,1.0
각국,332.0,70.0,1.0,386.0,59.0,1.0
부채,333.0,1266.0,1.0,358.0,766.0,1.0
사용,334.0,69.0,1.0,615.0,55.0,1.0
힘들,335.0,30.0,1.0,0.0,0.0,0.0
비해,336.0,662.0,1.0,306.0,501.0,1.0
재정,337.0,464.0,1.0,152.0,287.0,1.0
건전성,338.0,396.0,1.0,387.0,251.0,1.0
공공기관,339.0,20.0,1.0,0.0,0.0,0.0
포함,340.0,276.0,1.0,379.0,181.0,1.0
시나리오,341.0,74.0,1.0,1538.0,64.0,1.0
생각,342.0,723.0,1.0,100.0,386.0,1.0
분석,343.0,850.0,1.0,40.0,674.0,1.0
외환,344.0,370.0,1.0,233.0,335.0,1.0
금융,345.0,1271.0,1.0,234.0,983.0,1.0
동향,346.0,468.0,1.0,235.0,362.0,1.0
국채,347.0,394.0,1.0,406.0,270.0,1.0
신용,348.0,722.0,1.0,917.0,447.0,1.0
강등,349.0,16.0,1.0,0.0,0.0,0.0
안전자산,350.0,103.0,1.0,275.0,52.0,1.0
선호,351.0,160.0,1.0,832.0,118.0,1.0
경향,352.0,117.0,1.0,833.0,81.0,1.0
마련,353.0,203.0,1.0,454.0,99.0,1.0
여전히,354.0,375.0,1.0,426.0,398.0,1.0
종전,355.0,51.0,1.0,1208.0,58.0,1.0
화,356.0,53.0,1.0,1079.0,41.0,1.0
중장기,357.0,175.0,1.0,265.0,130.0,1.0
구조변화,358.0,56.0,1.0,1487.0,35.0,1.0
포트폴리오,359.0,51.0,1.0,1089.0,31.0,1.0
다변화,360.0,22.0,1.0,0.0,0.0,0.0
수요,361.0,854.0,1.0,53.0,921.0,1.0
언급,362.0,1032.0,1.0,394.0,1171.0,1.0
투자자금,363.0,379.0,1.0,576.0,309.0,1.0
주식시장,364.0,112.0,1.0,326.0,73.0,1.0
많이,365.0,145.0,1.0,359.0,66.0,1.0
유출,366.0,397.0,1.0,260.0,336.0,1.0
반면,367.0,475.0,1.0,52.0,371.0,1.0
채권시장,368.0,129.0,1.0,281.0,80.0,1.0
기초,369.0,115.0,1.0,1124.0,70.0,1.0
규모,370.0,950.0,1.0,354.0,830.0,1.0
위기,371.0,310.0,1.0,763.0,171.0,1.0
심하,372.0,15.0,1.0,0.0,0.0,0.0
금융시장,373.0,1724.0,1.0,293.0,1122.0,1.0
채권투자,374.0,143.0,1.0,869.0,114.0,1.0
결국,375.0,112.0,1.0,169.0,55.0,1.0
위축,376.0,490.0,1.0,616.0,356.0,1.0
원화,377.0,347.0,1.0,851.0,207.0,1.0
강세,378.0,341.0,1.0,948.0,264.0,1.0
유입,379.0,509.0,1.0,156.0,416.0,1.0
자금,380.0,1000.0,1.0,155.0,806.0,1.0
원달러,381.0,162.0,1.0,848.0,189.0,1.0
도달,382.0,42.0,1.0,757.0,33.0,1.0
신속,383.0,25.0,1.0,0.0,0.0,0.0
포지션,384.0,47.0,1.0,1364.0,17.0,1.0
정리,385.0,71.0,1.0,898.0,39.0,1.0
유동성,386.0,559.0,1.0,157.0,542.0,1.0
사정,387.0,178.0,1.0,237.0,130.0,1.0
급격,388.0,167.0,1.0,259.0,146.0,1.0
외환시장,389.0,317.0,1.0,847.0,248.0,1.0
충격,390.0,415.0,1.0,382.0,361.0,1.0
개진,391.0,236.0,1.0,121.0,183.0,1.0
신용경색,392.0,31.0,1.0,0.0,0.0,0.0
유로,393.0,121.0,1.0,837.0,68.0,1.0
가,394.0,835.0,1.0,130.0,712.0,1.0
스프레드,395.0,214.0,1.0,867.0,209.0,1.0
재정위기,396.0,71.0,1.0,632.0,61.0,1.0
전개,397.0,270.0,1.0,716.0,192.0,1.0
과정,398.0,316.0,1.0,385.0,275.0,1.0
촉발,399.0,30.0,1.0,536.0,27.0,1.0
유사,400.0,50.0,1.0,722.0,54.0,1.0
부실,401.0,141.0,1.0,112.0,126.0,1.0
투기,402.0,27.0,1.0,607.0,16.0,1.0
막,403.0,20.0,1.0,1070.0,22.0,1.0
대비,404.0,1623.0,1.0,684.0,953.0,1.0
대응책,405.0,33.0,1.0,453.0,17.0,1.0
강구,406.0,109.0,1.0,1305.0,46.0,1.0
제안,407.0,118.0,1.0,666.0,147.0,1.0
불안,408.0,496.0,1.0,143.0,491.0,1.0
초과,409.0,75.0,1.0,728.0,61.0,1.0
고유동성,410.0,19.0,1.0,0.0,0.0,0.0
자산,411.0,309.0,1.0,368.0,242.0,1.0
배,412.0,42.0,1.0,1434.0,32.0,1.0
쏠림,413.0,56.0,1.0,1331.0,52.0,1.0
주식,414.0,282.0,1.0,277.0,213.0,1.0
매도,415.0,60.0,1.0,836.0,70.0,1.0
금,416.0,78.0,1.0,236.0,74.0,1.0
실제,417.0,175.0,1.0,67.0,102.0,1.0
국외,418.0,129.0,1.0,807.0,58.0,1.0
외화,419.0,95.0,1.0,261.0,94.0,1.0
아직,420.0,270.0,1.0,591.0,221.0,1.0
급변,421.0,37.0,1.0,1430.0,22.0,1.0
모니터링,422.0,339.0,1.0,960.0,171.0,1.0
강화,423.0,772.0,1.0,124.0,663.0,1.0
제도,424.0,254.0,1.0,1105.0,120.0,1.0
자본,425.0,372.0,1.0,253.0,281.0,1.0
유출입,426.0,202.0,1.0,863.0,113.0,1.0
변동성,427.0,673.0,1.0,585.0,483.0,1.0
완화,428.0,1321.0,1.0,153.0,1183.0,1.0
시행,429.0,194.0,1.0,120.0,118.0,1.0
시차,430.0,97.0,1.0,954.0,124.0,1.0
원인,431.0,171.0,1.0,226.0,110.0,1.0
유로존,432.0,572.0,1.0,596.0,279.0,1.0
시장,433.0,1759.0,1.0,446.0,1227.0,1.0
개방,434.0,45.0,1.0,781.0,25.0,1.0
임금,435.0,200.0,1.0,603.0,323.0,1.0
제대로,436.0,37.0,1.0,300.0,28.0,1.0
진,437.0,37.0,1.0,673.0,17.0,1.0
행,438.0,30.0,1.0,713.0,16.0,1.0
국과,439.0,47.0,1.0,279.0,33.0,1.0
산업,440.0,272.0,1.0,808.0,197.0,1.0
불균형,441.0,256.0,1.0,168.0,270.0,1.0
심화,442.0,301.0,1.0,125.0,278.0,1.0
부동산,443.0,443.0,1.0,196.0,428.0,1.0
거품,444.0,38.0,1.0,329.0,36.0,1.0
붕괴,445.0,20.0,1.0,697.0,15.0,1.0
공공,446.0,54.0,1.0,456.0,61.0,1.0
위험,447.0,1902.0,1.0,134.0,1445.0,1.0
급등,448.0,130.0,1.0,127.0,186.0,1.0
조정,449.0,513.0,1.0,505.0,458.0,1.0
금융경제,450.0,203.0,1.0,805.0,139.0,1.0
근본적,451.0,71.0,1.0,1021.0,50.0,1.0
보다,452.0,544.0,1.0,319.0,409.0,1.0
밝히,453.0,475.0,1.0,335.0,361.0,1.0
보고,454.0,51.0,1.0,1175.0,39.0,1.0
금리,455.0,5958.0,1.0,178.0,4684.0,1.0
재정거래,456.0,16.0,1.0,285.0,17.0,1.0
유인,457.0,136.0,1.0,871.0,109.0,1.0
시켜,458.0,43.0,1.0,733.0,32.0,1.0
해외,459.0,466.0,1.0,154.0,346.0,1.0
억제,460.0,95.0,1.0,161.0,103.0,1.0
측면,461.0,820.0,1.0,43.0,568.0,1.0
방어,462.0,15.0,1.0,0.0,0.0,0.0
채권,463.0,297.0,1.0,21.0,212.0,1.0
매입,464.0,206.0,1.0,588.0,160.0,1.0
증대,465.0,298.0,1.0,136.0,237.0,1.0
대해서,466.0,414.0,1.0,392.0,331.0,1.0
예,467.0,119.0,1.0,533.0,79.0,1.0
적절히,468.0,48.0,1.0,231.0,59.0,1.0
대처,469.0,25.0,1.0,523.0,20.0,1.0
일드커브,470.0,69.0,1.0,942.0,56.0,1.0
플래트닝,471.0,33.0,1.0,945.0,16.0,1.0
장기물,472.0,51.0,1.0,767.0,36.0,1.0
매수,473.0,65.0,1.0,878.0,59.0,1.0
도입,474.0,131.0,1.0,346.0,91.0,1.0
불일치,475.0,22.0,1.0,1388.0,17.0,1.0
축소,476.0,1292.0,1.0,555.0,889.0,1.0
노력,477.0,473.0,1.0,457.0,289.0,1.0
주로,478.0,320.0,1.0,212.0,246.0,1.0
추정,479.0,416.0,1.0,403.0,306.0,1.0
월중,480.0,87.0,1.0,219.0,179.0,1.0
증가율,481.0,425.0,1.0,297.0,315.0,1.0
시중,482.0,79.0,1.0,480.0,67.0,1.0
부동,483.0,20.0,1.0,0.0,0.0,0.0
해석,484.0,94.0,1.0,751.0,85.0,1.0
예대율,485.0,31.0,1.0,912.0,21.0,1.0
관리,486.0,396.0,1.0,461.0,288.0,1.0
예금,487.0,238.0,1.0,204.0,173.0,1.0
유치,488.0,26.0,1.0,888.0,26.0,1.0
함,489.0,957.0,1.0,247.0,793.0,1.0
수시,490.0,96.0,1.0,909.0,61.0,1.0
입출,491.0,89.0,1.0,910.0,62.0,1.0
그러,492.0,40.0,1.0,147.0,49.0,1.0
움직임,493.0,401.0,1.0,63.0,332.0,1.0
반사,494.0,18.0,1.0,1334.0,15.0,1.0
변동,495.0,363.0,1.0,375.0,251.0,1.0
과도,496.0,189.0,1.0,338.0,147.0,1.0
위,497.0,136.0,1.0,760.0,108.0,1.0
매매,498.0,135.0,1.0,193.0,95.0,1.0
주택담보대출,499.0,271.0,1.0,663.0,208.0,1.0
주가,500.0,635.0,1.0,509.0,476.0,1.0
디레버리징,501.0,77.0,1.0,1030.0,89.0,1.0
다,502.0,443.0,1.0,17.0,413.0,1.0
투자심리,503.0,149.0,1.0,1078.0,101.0,1.0
기,504.0,156.0,1.0,687.0,116.0,1.0
디폴트,505.0,36.0,1.0,1485.0,17.0,1.0
비용,506.0,198.0,1.0,42.0,190.0,1.0
혼란,507.0,18.0,1.0,0.0,0.0,0.0
면밀,508.0,122.0,1.0,481.0,78.0,1.0
경험,509.0,97.0,1.0,699.0,61.0,1.0
대규모,510.0,202.0,1.0,597.0,133.0,1.0
적,511.0,23.0,1.0,640.0,27.0,1.0
따라서,512.0,51.0,1.0,1180.0,30.0,1.0
불안요인,513.0,165.0,1.0,1046.0,122.0,1.0
방지,514.0,42.0,1.0,312.0,42.0,1.0
교환,515.0,55.0,1.0,348.0,48.0,1.0
바탕,516.0,136.0,1.0,349.0,98.0,1.0
관하,517.0,241.0,1.0,350.0,207.0,1.0
토론,518.0,104.0,1.0,351.0,87.0,1.0
좋,519.0,261.0,1.0,484.0,202.0,1.0
신용위험,520.0,89.0,1.0,1441.0,72.0,1.0
그룹,521.0,28.0,1.0,962.0,16.0,1.0
차별,522.0,27.0,1.0,740.0,18.0,1.0
긴축,523.0,142.0,1.0,390.0,366.0,1.0
중소기업,524.0,346.0,1.0,579.0,248.0,1.0
많,525.0,293.0,1.0,367.0,206.0,1.0
우량기업,526.0,17.0,1.0,0.0,0.0,0.0
한계기업,527.0,59.0,1.0,920.0,35.0,1.0
대출,528.0,2528.0,1.0,537.0,2194.0,1.0
금리갭,529.0,111.0,1.0,1267.0,175.0,1.0
신용시장,530.0,52.0,1.0,1651.0,28.0,1.0
취약,531.0,265.0,1.0,383.0,216.0,1.0
상태,532.0,172.0,1.0,159.0,114.0,1.0
회수,533.0,37.0,1.0,1009.0,38.0,1.0
수익,534.0,102.0,1.0,1034.0,71.0,1.0
역,535.0,19.0,1.0,395.0,27.0,1.0
밝혔으며,536.0,35.0,1.0,0.0,0.0,0.0
지원,537.0,437.0,1.0,458.0,310.0,1.0
실시,538.0,140.0,1.0,38.0,106.0,1.0
아울러,539.0,534.0,1.0,102.0,428.0,1.0
저금리,540.0,202.0,1.0,198.0,99.0,1.0
구조조정,541.0,238.0,1.0,1152.0,98.0,1.0
지연,542.0,236.0,1.0,600.0,176.0,1.0
생산,543.0,752.0,1.0,678.0,410.0,1.0
자원,544.0,34.0,1.0,1337.0,21.0,1.0
효율,545.0,47.0,1.0,989.0,27.0,1.0
배분,546.0,29.0,1.0,0.0,0.0,0.0
일어나,547.0,34.0,1.0,1460.0,17.0,1.0
과감,548.0,20.0,1.0,0.0,0.0,0.0
을,549.0,30.0,1.0,313.0,55.0,1.0
계획,550.0,109.0,1.0,440.0,72.0,1.0
수립,551.0,42.0,1.0,669.0,36.0,1.0
신호,552.0,73.0,1.0,625.0,52.0,1.0
전환,553.0,696.0,1.0,201.0,529.0,1.0
사례,554.0,219.0,1.0,110.0,117.0,1.0
거의,555.0,55.0,1.0,369.0,46.0,1.0
일시적,556.0,239.0,1.0,202.0,183.0,1.0
변경,557.0,89.0,1.0,255.0,73.0,1.0
히,558.0,88.0,1.0,1181.0,77.0,1.0
관심,559.0,182.0,1.0,754.0,123.0,1.0
석자,560.0,18.0,1.0,412.0,24.0,1.0
앞서,561.0,169.0,1.0,413.0,133.0,1.0
부여,562.0,26.0,1.0,414.0,18.0,1.0
현안,563.0,33.0,1.0,492.0,29.0,1.0
입장,564.0,155.0,1.0,274.0,107.0,1.0
대책,565.0,237.0,1.0,47.0,158.0,1.0
광공업,566.0,28.0,1.0,813.0,24.0,1.0
내수,567.0,645.0,1.0,399.0,353.0,1.0
흐름,568.0,923.0,1.0,224.0,1211.0,1.0
미흡,569.0,68.0,1.0,1394.0,26.0,1.0
가운데,570.0,1164.0,1.0,45.0,853.0,1.0
추이,571.0,274.0,1.0,309.0,160.0,1.0
주시,572.0,66.0,1.0,557.0,52.0,1.0
선행,573.0,89.0,1.0,559.0,83.0,1.0
지수,574.0,367.0,1.0,298.0,252.0,1.0
연속,575.0,159.0,1.0,829.0,128.0,1.0
제기,576.0,194.0,1.0,478.0,118.0,1.0
가계,577.0,2256.0,1.0,185.0,1596.0,1.0
구매력,578.0,23.0,1.0,627.0,54.0,1.0
가세,579.0,77.0,1.0,865.0,71.0,1.0
개선,580.0,1543.0,1.0,241.0,1010.0,1.0
상존,581.0,192.0,1.0,801.0,111.0,1.0
대외,582.0,676.0,1.0,586.0,546.0,1.0
불확실성,583.0,812.0,1.0,197.0,742.0,1.0
견지,584.0,17.0,1.0,0.0,0.0,0.0
단기간,585.0,53.0,1.0,1517.0,35.0,1.0
해소,586.0,172.0,1.0,614.0,124.0,1.0
선,587.0,64.0,1.0,996.0,50.0,1.0
야기,588.0,58.0,1.0,377.0,35.0,1.0
소지,589.0,63.0,1.0,988.0,44.0,1.0
파급효과,590.0,125.0,1.0,1179.0,113.0,1.0
심리,591.0,441.0,1.0,432.0,218.0,1.0
악,592.0,15.0,1.0,0.0,0.0,0.0
속도,593.0,327.0,1.0,720.0,310.0,1.0
능력,594.0,53.0,1.0,1312.0,30.0,1.0
한계,595.0,121.0,1.0,726.0,53.0,1.0
파급,596.0,139.0,1.0,976.0,138.0,1.0
제한적,597.0,146.0,1.0,109.0,147.0,1.0
교란,598.0,40.0,1.0,1101.0,32.0,1.0
긴밀,599.0,18.0,1.0,0.0,0.0,0.0
금융상황,600.0,95.0,1.0,554.0,133.0,1.0
징후,601.0,20.0,1.0,1553.0,15.0,1.0
주의,602.0,60.0,1.0,629.0,74.0,1.0
주문,603.0,15.0,1.0,0.0,0.0,0.0
한도,604.0,229.0,1.0,934.0,217.0,1.0
확충,605.0,113.0,1.0,1031.0,64.0,1.0
차원,606.0,121.0,1.0,783.0,61.0,1.0
모색,607.0,64.0,1.0,1196.0,36.0,1.0
최선,608.0,15.0,1.0,0.0,0.0,0.0
활동,609.0,230.0,1.0,702.0,216.0,1.0
실물,610.0,674.0,1.0,244.0,453.0,1.0
현황,611.0,56.0,1.0,965.0,28.0,1.0
체제,612.0,27.0,1.0,467.0,16.0,1.0
시스템,613.0,120.0,1.0,1010.0,42.0,1.0
보완,614.0,111.0,1.0,1284.0,81.0,1.0
공유,615.0,34.0,1.0,1641.0,15.0,1.0
대,616.0,104.0,1.0,568.0,145.0,1.0
기저효과,617.0,141.0,1.0,674.0,118.0,1.0
다소,618.0,766.0,1.0,675.0,660.0,1.0
기상,619.0,42.0,1.0,1354.0,26.0,1.0
조금,620.0,45.0,1.0,1084.0,27.0,1.0
이르,621.0,45.0,1.0,803.0,51.0,1.0
감,622.0,56.0,1.0,650.0,35.0,1.0
개최,623.0,62.0,1.0,1437.0,56.0,1.0
좀,624.0,192.0,1.0,1349.0,157.0,1.0
집중,625.0,123.0,1.0,439.0,91.0,1.0
물량,626.0,75.0,1.0,195.0,88.0,1.0
계약,627.0,32.0,1.0,1500.0,36.0,1.0
출하,628.0,20.0,1.0,0.0,0.0,0.0
유도,629.0,111.0,1.0,462.0,41.0,1.0
선택,630.0,31.0,1.0,745.0,37.0,1.0
요금,631.0,71.0,1.0,530.0,88.0,1.0
개설,632.0,25.0,1.0,0.0,0.0,0.0
조치,633.0,258.0,1.0,890.0,309.0,1.0
차질,634.0,93.0,1.0,1050.0,140.0,1.0
없이,635.0,69.0,1.0,1051.0,48.0,1.0
병행,636.0,34.0,1.0,391.0,20.0,1.0
취업자,637.0,55.0,1.0,419.0,39.0,1.0
고용률,638.0,39.0,1.0,562.0,43.0,1.0
포인트,639.0,154.0,1.0,652.0,125.0,1.0
실업률,640.0,202.0,1.0,811.0,134.0,1.0
가장,641.0,188.0,1.0,288.0,127.0,1.0
길,642.0,54.0,1.0,631.0,48.0,1.0
취업,643.0,23.0,1.0,1456.0,18.0,1.0
연령,644.0,49.0,1.0,1547.0,16.0,1.0
세,645.0,48.0,1.0,854.0,48.0,1.0
고,646.0,24.0,1.0,731.0,21.0,1.0
고령,647.0,31.0,1.0,1543.0,30.0,1.0
보도,648.0,28.0,1.0,0.0,0.0,0.0
노동시장,649.0,104.0,1.0,1604.0,76.0,1.0
새롭,650.0,158.0,1.0,980.0,84.0,1.0
일자리,651.0,34.0,1.0,1361.0,40.0,1.0
기본,652.0,146.0,1.0,148.0,75.0,1.0
오해,653.0,16.0,1.0,0.0,0.0,0.0
이어서,654.0,522.0,1.0,1317.0,446.0,1.0
발,655.0,43.0,1.0,1118.0,40.0,1.0
수치,656.0,45.0,1.0,1539.0,38.0,1.0
진입,657.0,66.0,1.0,949.0,40.0,1.0
이동,658.0,92.0,1.0,997.0,58.0,1.0
대내외,659.0,300.0,1.0,381.0,253.0,1.0
종합,660.0,556.0,1.0,441.0,367.0,1.0
달,661.0,326.0,1.0,622.0,140.0,1.0
에서,662.0,17.0,1.0,633.0,31.0,1.0
둘러싸,663.0,52.0,1.0,587.0,76.0,1.0
살펴보,664.0,351.0,1.0,1003.0,266.0,1.0
선진국,665.0,539.0,1.0,123.0,342.0,1.0
약,666.0,35.0,1.0,710.0,22.0,1.0
회,667.0,26.0,1.0,973.0,23.0,1.0
지역,668.0,270.0,1.0,550.0,231.0,1.0
제약,669.0,257.0,1.0,397.0,215.0,1.0
들,670.0,583.0,1.0,534.0,479.0,1.0
설비,671.0,446.0,1.0,558.0,273.0,1.0
제조업,672.0,356.0,1.0,581.0,288.0,1.0
도,673.0,166.0,1.0,380.0,130.0,1.0
이,674.0,798.0,1.0,330.0,802.0,1.0
한층,675.0,72.0,1.0,1063.0,59.0,1.0
재차,676.0,45.0,1.0,685.0,71.0,1.0
주택,677.0,300.0,1.0,20.0,340.0,1.0
약세,678.0,349.0,1.0,839.0,204.0,1.0
지방,679.0,117.0,1.0,186.0,101.0,1.0
비슷,680.0,173.0,1.0,896.0,118.0,1.0
상승률,681.0,1154.0,1.0,68.0,1046.0,1.0
타내,682.0,25.0,1.0,1384.0,23.0,1.0
전세가격,683.0,153.0,1.0,191.0,148.0,1.0
상회,684.0,246.0,1.0,689.0,301.0,1.0
상방,685.0,104.0,1.0,133.0,153.0,1.0
결,686.0,25.0,1.0,0.0,0.0,0.0
쉽,687.0,105.0,1.0,316.0,109.0,1.0
자칫,688.0,19.0,1.0,1066.0,25.0,1.0
금리정상화,689.0,32.0,1.0,539.0,50.0,1.0
제어,690.0,24.0,1.0,642.0,28.0,1.0
기회,691.0,34.0,1.0,0.0,0.0,0.0
머무르,692.0,161.0,1.0,571.0,84.0,1.0
점차,693.0,438.0,1.0,173.0,416.0,1.0
물론,694.0,109.0,1.0,647.0,97.0,1.0
모두,695.0,301.0,1.0,679.0,283.0,1.0
책무,696.0,36.0,1.0,0.0,0.0,0.0
염두,697.0,32.0,1.0,1057.0,39.0,1.0
신중,698.0,53.0,1.0,1231.0,38.0,1.0
여파,699.0,46.0,1.0,1346.0,39.0,1.0
주식자금,700.0,54.0,1.0,849.0,45.0,1.0
급락,701.0,138.0,1.0,1128.0,60.0,1.0
등가격,702.0,33.0,1.0,1440.0,18.0,1.0
변수,703.0,128.0,1.0,766.0,113.0,1.0
국면,704.0,96.0,1.0,228.0,89.0,1.0
깊,705.0,83.0,1.0,743.0,53.0,1.0
하향,706.0,378.0,1.0,1122.0,174.0,1.0
그리,707.0,63.0,1.0,272.0,50.0,1.0
증폭,708.0,29.0,1.0,141.0,29.0,1.0
가격변수,709.0,76.0,1.0,1082.0,68.0,1.0
신장,710.0,71.0,1.0,1076.0,39.0,1.0
완만,711.0,594.0,1.0,672.0,381.0,1.0
기록,712.0,488.0,1.0,402.0,303.0,1.0
원자재,713.0,210.0,1.0,427.0,228.0,1.0
작용,714.0,607.0,1.0,215.0,569.0,1.0
대체로,715.0,306.0,1.0,834.0,232.0,1.0
상쇄,716.0,53.0,1.0,885.0,33.0,1.0
공급,717.0,534.0,1.0,210.0,631.0,1.0
남,718.0,83.0,1.0,957.0,60.0,1.0
력,719.0,46.0,1.0,1370.0,41.0,1.0
결정시,720.0,202.0,1.0,503.0,99.0,1.0
인식,721.0,164.0,1.0,714.0,113.0,1.0
훨씬,722.0,26.0,1.0,1178.0,23.0,1.0
심각,723.0,49.0,1.0,167.0,44.0,1.0
복지,724.0,38.0,1.0,1536.0,34.0,1.0
연,725.0,62.0,1.0,504.0,45.0,1.0
더하,726.0,68.0,1.0,1060.0,48.0,1.0
감축,727.0,33.0,1.0,0.0,0.0,0.0
추가,728.0,634.0,1.0,514.0,474.0,1.0
지출,729.0,198.0,1.0,184.0,114.0,1.0
여력,730.0,173.0,1.0,404.0,91.0,1.0
미약,731.0,195.0,1.0,1229.0,66.0,1.0
실효,732.0,75.0,1.0,700.0,29.0,1.0
의문,733.0,34.0,1.0,0.0,0.0,0.0
조짐,734.0,131.0,1.0,727.0,84.0,1.0
반복,735.0,67.0,1.0,1387.0,27.0,1.0
드러나,736.0,20.0,1.0,1390.0,37.0,1.0
거시,737.0,375.0,1.0,118.0,298.0,1.0
주목,738.0,104.0,1.0,1204.0,85.0,1.0
성장동력,739.0,35.0,1.0,1304.0,19.0,1.0
더이상,740.0,24.0,1.0,1243.0,15.0,1.0
해결,741.0,84.0,1.0,1039.0,60.0,1.0
확,742.0,54.0,1.0,826.0,39.0,1.0
산,743.0,36.0,1.0,362.0,24.0,1.0
말씀,744.0,15.0,1.0,442.0,16.0,1.0
드리,745.0,19.0,1.0,0.0,0.0,0.0
적자,746.0,101.0,1.0,843.0,82.0,1.0
문제점,747.0,40.0,1.0,1037.0,19.0,1.0
부,748.0,170.0,1.0,396.0,111.0,1.0
비록,749.0,105.0,1.0,1108.0,59.0,1.0
잠재,750.0,480.0,1.0,764.0,343.0,1.0
성공,751.0,32.0,1.0,0.0,0.0,0.0
전제,752.0,164.0,1.0,486.0,107.0,1.0
통화,753.0,470.0,1.0,296.0,433.0,1.0
점진적,754.0,110.0,1.0,1029.0,82.0,1.0
과제,755.0,90.0,1.0,490.0,50.0,1.0
결코,756.0,23.0,1.0,307.0,15.0,1.0
확인,757.0,74.0,1.0,1004.0,91.0,1.0
살피,758.0,156.0,1.0,1182.0,267.0,1.0
핵심,759.0,71.0,1.0,474.0,41.0,1.0
국간,760.0,24.0,1.0,0.0,0.0,0.0
갭,761.0,658.0,1.0,318.0,395.0,1.0
알,762.0,68.0,1.0,1103.0,42.0,1.0
극복,763.0,26.0,1.0,717.0,15.0,1.0
장치,764.0,20.0,1.0,0.0,0.0,0.0
활용,765.0,259.0,1.0,742.0,181.0,1.0
최적,766.0,23.0,1.0,0.0,0.0,0.0
사상,767.0,87.0,1.0,511.0,89.0,1.0
최대,768.0,86.0,1.0,655.0,54.0,1.0
으로,769.0,23.0,1.0,501.0,25.0,1.0
우세,770.0,25.0,1.0,1125.0,24.0,1.0
대내,771.0,38.0,1.0,636.0,47.0,1.0
위험요인,772.0,181.0,1.0,634.0,114.0,1.0
웃돌,773.0,27.0,1.0,661.0,36.0,1.0
품목,774.0,136.0,1.0,160.0,177.0,1.0
한시적,775.0,27.0,1.0,1450.0,24.0,1.0
종료,776.0,81.0,1.0,884.0,84.0,1.0
상한,777.0,17.0,1.0,520.0,27.0,1.0
차단,778.0,19.0,1.0,262.0,20.0,1.0
이루어져야,779.0,17.0,1.0,0.0,0.0,0.0
정상화,780.0,141.0,1.0,593.0,191.0,1.0
범위,781.0,183.0,1.0,984.0,115.0,1.0
미시,782.0,97.0,1.0,103.0,75.0,1.0
최대한,783.0,15.0,1.0,0.0,0.0,0.0
기울일,784.0,38.0,1.0,644.0,48.0,1.0
결론,785.0,82.0,1.0,787.0,63.0,1.0
고조,786.0,31.0,1.0,1438.0,29.0,1.0
늦,787.0,60.0,1.0,513.0,69.0,1.0
긴요,788.0,45.0,1.0,1032.0,25.0,1.0
강조,789.0,225.0,1.0,144.0,144.0,1.0
필요성,790.0,168.0,1.0,540.0,139.0,1.0
건설,791.0,314.0,1.0,676.0,267.0,1.0
소폭,792.0,816.0,1.0,880.0,564.0,1.0
동행,793.0,43.0,1.0,560.0,34.0,1.0
업황,794.0,87.0,1.0,986.0,68.0,1.0
민간,795.0,588.0,1.0,398.0,499.0,1.0
뚜렷,796.0,90.0,1.0,273.0,84.0,1.0
비,797.0,326.0,1.0,680.0,255.0,1.0
하순,798.0,52.0,1.0,1129.0,37.0,1.0
대두,799.0,53.0,1.0,1212.0,21.0,1.0
짐,800.0,25.0,1.0,174.0,26.0,1.0
외화자금,801.0,213.0,1.0,245.0,170.0,1.0
무역거래,802.0,37.0,1.0,842.0,27.0,1.0
힘입,803.0,371.0,1.0,420.0,301.0,1.0
순유출,804.0,150.0,1.0,283.0,155.0,1.0
자금사정,805.0,98.0,1.0,578.0,105.0,1.0
부도,806.0,23.0,1.0,582.0,28.0,1.0
업체,807.0,50.0,1.0,583.0,32.0,1.0
어음,808.0,21.0,1.0,0.0,0.0,0.0
부도율,809.0,24.0,1.0,1228.0,15.0,1.0
연체,810.0,25.0,1.0,1416.0,20.0,1.0
연체율,811.0,189.0,1.0,580.0,159.0,1.0
호전,812.0,78.0,1.0,656.0,41.0,1.0
사태,813.0,207.0,1.0,1136.0,130.0,1.0
주택시장,814.0,195.0,1.0,696.0,170.0,1.0
개인,815.0,88.0,1.0,1206.0,90.0,1.0
수정,816.0,141.0,1.0,671.0,78.0,1.0
성장률,817.0,1112.0,1.0,311.0,641.0,1.0
정점,818.0,29.0,1.0,1375.0,53.0,1.0
채,819.0,61.0,1.0,785.0,32.0,1.0
증액,820.0,49.0,1.0,1163.0,25.0,1.0
규,821.0,39.0,1.0,1137.0,23.0,1.0
적절,822.0,243.0,1.0,333.0,281.0,1.0
정책수단,823.0,147.0,1.0,990.0,43.0,1.0
현실화,824.0,63.0,1.0,1224.0,45.0,1.0
정상,825.0,48.0,1.0,542.0,26.0,1.0
합의,826.0,40.0,1.0,599.0,38.0,1.0
회피,827.0,128.0,1.0,1421.0,101.0,1.0
확보,828.0,119.0,1.0,60.0,84.0,1.0
나서,829.0,46.0,1.0,1203.0,31.0,1.0
배제,830.0,101.0,1.0,800.0,97.0,1.0
여신,831.0,141.0,1.0,881.0,104.0,1.0
규제,832.0,330.0,1.0,864.0,223.0,1.0
지준율,833.0,25.0,1.0,1098.0,30.0,1.0
비롯,834.0,71.0,1.0,748.0,73.0,1.0
리,835.0,58.0,1.0,777.0,68.0,1.0
낙관,836.0,49.0,1.0,1325.0,45.0,1.0
넘,837.0,97.0,1.0,712.0,103.0,1.0
한다는,838.0,117.0,1.0,506.0,73.0,1.0
이미,839.0,115.0,1.0,707.0,110.0,1.0
알려져,840.0,16.0,1.0,0.0,0.0,0.0
부양,841.0,75.0,1.0,164.0,34.0,1.0
중반,842.0,210.0,1.0,749.0,168.0,1.0
완화정책,843.0,105.0,1.0,723.0,36.0,1.0
파산,844.0,18.0,1.0,0.0,0.0,0.0
의하,845.0,281.0,1.0,91.0,254.0,1.0
유발,846.0,65.0,1.0,1026.0,47.0,1.0
양상,847.0,138.0,1.0,332.0,123.0,1.0
보임,848.0,65.0,1.0,645.0,95.0,1.0
장기추세,849.0,53.0,1.0,1236.0,29.0,1.0
펀더멘털,850.0,53.0,1.0,998.0,48.0,1.0
최고,851.0,96.0,1.0,512.0,92.0,1.0
비교,852.0,192.0,1.0,510.0,146.0,1.0
외채,853.0,127.0,1.0,249.0,72.0,1.0
농축수산물,854.0,78.0,1.0,126.0,88.0,1.0
일관,855.0,42.0,1.0,1184.0,28.0,1.0
유연,856.0,59.0,1.0,444.0,31.0,1.0
반응,857.0,67.0,1.0,1080.0,62.0,1.0
자세,858.0,17.0,1.0,0.0,0.0,0.0
면밀히,859.0,420.0,1.0,1018.0,306.0,1.0
만장일치,860.0,35.0,1.0,1444.0,22.0,1.0
의결문,861.0,102.0,1.0,794.0,72.0,1.0
전원,862.0,31.0,1.0,1445.0,19.0,1.0
찬성,863.0,31.0,1.0,1446.0,21.0,1.0
갈,864.0,25.0,1.0,802.0,24.0,1.0
주택가격,865.0,291.0,1.0,205.0,329.0,1.0
활발,866.0,29.0,1.0,677.0,18.0,1.0
해지,867.0,87.0,1.0,1087.0,65.0,1.0
불안정,868.0,69.0,1.0,1083.0,64.0,1.0
꾸준,869.0,40.0,1.0,626.0,49.0,1.0
첨,870.0,34.0,1.0,806.0,23.0,1.0
그치,871.0,151.0,1.0,526.0,85.0,1.0
고용자수,872.0,246.0,1.0,561.0,267.0,1.0
벗어나,873.0,110.0,1.0,264.0,89.0,1.0
소매,874.0,163.0,1.0,809.0,88.0,1.0
판매,875.0,175.0,1.0,810.0,99.0,1.0
유,876.0,37.0,1.0,1171.0,35.0,1.0
원유,877.0,96.0,1.0,518.0,58.0,1.0
로이터상품가격지수,878.0,23.0,1.0,0.0,0.0,0.0
내구재,879.0,55.0,1.0,818.0,38.0,1.0
준내구재,880.0,32.0,1.0,817.0,24.0,1.0
운송,881.0,29.0,1.0,1413.0,30.0,1.0
수주,882.0,16.0,1.0,819.0,23.0,1.0
기성,883.0,43.0,1.0,820.0,28.0,1.0
건축,884.0,32.0,1.0,821.0,18.0,1.0
토목,885.0,49.0,1.0,822.0,38.0,1.0
가동률,886.0,49.0,1.0,824.0,35.0,1.0
재고,887.0,93.0,1.0,610.0,70.0,1.0
출,888.0,41.0,1.0,1133.0,34.0,1.0
서비스업,889.0,292.0,1.0,619.0,248.0,1.0
건설업,890.0,45.0,1.0,1278.0,52.0,1.0
명목,891.0,119.0,1.0,1265.0,91.0,1.0
순환변동치,892.0,17.0,1.0,825.0,19.0,1.0
전국,893.0,27.0,1.0,828.0,32.0,1.0
제품,894.0,169.0,1.0,450.0,94.0,1.0
상품,895.0,236.0,1.0,830.0,193.0,1.0
부각,896.0,237.0,1.0,146.0,153.0,1.0
성향,897.0,82.0,1.0,1016.0,30.0,1.0
포괄,898.0,31.0,1.0,1348.0,22.0,1.0
예정,899.0,82.0,1.0,598.0,75.0,1.0
입,900.0,45.0,1.0,266.0,38.0,1.0
엔,901.0,490.0,1.0,838.0,142.0,1.0
파운드,902.0,27.0,1.0,1266.0,22.0,1.0
반전,903.0,69.0,1.0,1096.0,56.0,1.0
스왑레이트,904.0,38.0,1.0,242.0,64.0,1.0
선물환,905.0,15.0,1.0,1326.0,29.0,1.0
상당폭,906.0,282.0,1.0,665.0,318.0,1.0
차입,907.0,206.0,1.0,339.0,169.0,1.0
외화차입,908.0,69.0,1.0,856.0,49.0,1.0
위주,909.0,84.0,1.0,911.0,46.0,1.0
거주자,910.0,115.0,1.0,858.0,100.0,1.0
외화예금,911.0,74.0,1.0,859.0,54.0,1.0
수급,912.0,185.0,1.0,203.0,277.0,1.0
자본거래,913.0,73.0,1.0,844.0,69.0,1.0
순유입,914.0,168.0,1.0,846.0,138.0,1.0
외,915.0,90.0,1.0,240.0,44.0,1.0
지점,916.0,93.0,1.0,845.0,36.0,1.0
상환,917.0,211.0,1.0,250.0,197.0,1.0
외환보유액,918.0,153.0,1.0,855.0,127.0,1.0
표시,919.0,56.0,1.0,756.0,39.0,1.0
보유,920.0,164.0,1.0,353.0,115.0,1.0
등락,921.0,147.0,1.0,850.0,107.0,1.0
반,922.0,107.0,1.0,1109.0,80.0,1.0
일시,923.0,167.0,1.0,868.0,148.0,1.0
경,924.0,88.0,1.0,257.0,61.0,1.0
장단기스프레드,925.0,70.0,1.0,941.0,25.0,1.0
외국,926.0,58.0,1.0,323.0,20.0,1.0
걸치,927.0,51.0,1.0,944.0,54.0,1.0
잔액,928.0,86.0,1.0,874.0,81.0,1.0
경신,929.0,21.0,1.0,1059.0,37.0,1.0
현물,930.0,24.0,1.0,0.0,0.0,0.0
국채선물,931.0,78.0,1.0,1126.0,46.0,1.0
목적,932.0,88.0,1.0,263.0,99.0,1.0
도래,933.0,82.0,1.0,887.0,61.0,1.0
은행채,934.0,80.0,1.0,879.0,81.0,1.0
부가세,935.0,25.0,1.0,1130.0,44.0,1.0
납부,936.0,45.0,1.0,1131.0,55.0,1.0
들어서,937.0,42.0,1.0,601.0,43.0,1.0
역전,938.0,81.0,1.0,946.0,76.0,1.0
대기업,939.0,193.0,1.0,618.0,147.0,1.0
고금리,940.0,82.0,1.0,1132.0,58.0,1.0
수신,941.0,354.0,1.0,886.0,253.0,1.0
취급액,942.0,72.0,1.0,882.0,67.0,1.0
코스피,943.0,60.0,1.0,889.0,57.0,1.0
협상,944.0,95.0,1.0,1552.0,52.0,1.0
가속,945.0,52.0,1.0,1065.0,82.0,1.0
연기금,946.0,28.0,1.0,895.0,34.0,1.0
투자가,947.0,22.0,1.0,0.0,0.0,0.0
돌아,948.0,64.0,1.0,1245.0,38.0,1.0
채권펀드,949.0,41.0,1.0,913.0,46.0,1.0
주식펀드,950.0,44.0,1.0,893.0,60.0,1.0
차익실현,951.0,38.0,1.0,835.0,19.0,1.0
가운,952.0,36.0,1.0,1498.0,30.0,1.0
고객,953.0,55.0,1.0,0.0,0.0,0.0
신용거래,954.0,17.0,1.0,0.0,0.0,0.0
융자,955.0,15.0,1.0,0.0,0.0,0.0
펀드,956.0,159.0,1.0,892.0,148.0,1.0
자산운용,957.0,31.0,1.0,0.0,0.0,0.0
조달,958.0,342.0,1.0,343.0,302.0,1.0
계절적,959.0,41.0,1.0,1142.0,28.0,1.0
운전자금,960.0,20.0,1.0,1274.0,26.0,1.0
취급,961.0,126.0,1.0,1134.0,108.0,1.0
저축은행,962.0,57.0,1.0,1005.0,99.0,1.0
위험관리,963.0,78.0,1.0,1311.0,39.0,1.0
직접금융,964.0,105.0,1.0,899.0,60.0,1.0
순발행,965.0,76.0,1.0,1140.0,61.0,1.0
모기지,966.0,99.0,1.0,905.0,38.0,1.0
양도,967.0,79.0,1.0,906.0,32.0,1.0
성과,968.0,73.0,1.0,496.0,51.0,1.0
항목,969.0,41.0,1.0,1580.0,38.0,1.0
집단,970.0,72.0,1.0,907.0,40.0,1.0
자금흐름,971.0,99.0,1.0,908.0,100.0,1.0
비은행,972.0,257.0,1.0,1335.0,141.0,1.0
금융상품,973.0,36.0,1.0,1371.0,23.0,1.0
금전신탁,974.0,40.0,1.0,914.0,16.0,1.0
법인자금,975.0,22.0,1.0,0.0,0.0,0.0
상호,976.0,76.0,1.0,736.0,75.0,1.0
증시,977.0,57.0,1.0,904.0,59.0,1.0
평잔,978.0,58.0,1.0,916.0,50.0,1.0
환매,979.0,32.0,1.0,894.0,23.0,1.0
진정,980.0,120.0,1.0,734.0,110.0,1.0
인출,981.0,57.0,1.0,915.0,46.0,1.0
최저,982.0,99.0,1.0,862.0,49.0,1.0
기미,983.0,23.0,1.0,0.0,0.0,0.0
부실채권,984.0,36.0,1.0,897.0,35.0,1.0
설정,985.0,94.0,1.0,761.0,85.0,1.0
는,986.0,99.0,1.0,150.0,81.0,1.0
잡,987.0,33.0,1.0,175.0,31.0,1.0
신뢰,988.0,90.0,1.0,765.0,45.0,1.0
관계,989.0,171.0,1.0,775.0,123.0,1.0
특별히,990.0,18.0,1.0,0.0,0.0,0.0
기여도,991.0,44.0,1.0,400.0,49.0,1.0
의존도,992.0,45.0,1.0,1064.0,37.0,1.0
자본시장,993.0,63.0,1.0,1380.0,47.0,1.0
민감,994.0,50.0,1.0,1081.0,42.0,1.0
마이너스,995.0,293.0,1.0,401.0,140.0,1.0
중립,996.0,97.0,1.0,981.0,98.0,1.0
역사적,997.0,24.0,1.0,532.0,15.0,1.0
정의,998.0,26.0,1.0,0.0,0.0,0.0
지나치,999.0,50.0,1.0,145.0,39.0,1.0
저조,1000.0,41.0,1.0,1277.0,23.0,1.0
경착륙,1001.0,26.0,1.0,0.0,0.0,0.0
려,1002.0,43.0,1.0,983.0,33.0,1.0
내부,1003.0,24.0,1.0,1406.0,19.0,1.0
부정적,1004.0,362.0,1.0,648.0,229.0,1.0
설,1005.0,59.0,1.0,750.0,47.0,1.0
유효,1006.0,88.0,1.0,105.0,65.0,1.0
움직이,1007.0,57.0,1.0,985.0,44.0,1.0
주장,1008.0,114.0,1.0,972.0,76.0,1.0
불확실,1009.0,63.0,1.0,49.0,52.0,1.0
프리미엄,1010.0,133.0,1.0,1197.0,62.0,1.0
신용평가,1011.0,20.0,1.0,0.0,0.0,0.0
정확,1012.0,89.0,1.0,641.0,65.0,1.0
잘,1013.0,135.0,1.0,1102.0,97.0,1.0
나타,1014.0,51.0,1.0,771.0,36.0,1.0
내,1015.0,43.0,1.0,1116.0,44.0,1.0
소규모,1016.0,35.0,1.0,1453.0,15.0,1.0
언론,1017.0,37.0,1.0,1546.0,16.0,1.0
적정,1018.0,134.0,1.0,59.0,59.0,1.0
특정,1019.0,78.0,1.0,1433.0,46.0,1.0
금액,1020.0,25.0,1.0,924.0,23.0,1.0
행이,1021.0,163.0,1.0,1292.0,83.0,1.0
연구,1022.0,239.0,1.0,1338.0,162.0,1.0
전이,1023.0,46.0,1.0,1036.0,38.0,1.0
절상,1024.0,190.0,1.0,841.0,68.0,1.0
팽창,1025.0,16.0,1.0,0.0,0.0,0.0
부작용,1026.0,95.0,1.0,345.0,49.0,1.0
금융안정,1027.0,466.0,1.0,538.0,365.0,1.0
나아가,1028.0,46.0,1.0,1074.0,31.0,1.0
구축,1029.0,46.0,1.0,468.0,21.0,1.0
위안,1030.0,111.0,1.0,1099.0,142.0,1.0
국제화,1031.0,25.0,1.0,0.0,0.0,0.0
체결,1032.0,24.0,1.0,0.0,0.0,0.0
레버리지,1033.0,65.0,1.0,693.0,88.0,1.0
풍부,1034.0,73.0,1.0,430.0,57.0,1.0
장단기,1035.0,90.0,1.0,447.0,46.0,1.0
배경,1036.0,187.0,1.0,936.0,178.0,1.0
동결,1037.0,121.0,1.0,460.0,125.0,1.0
분위기,1038.0,30.0,1.0,0.0,0.0,0.0
조성,1039.0,38.0,1.0,1589.0,15.0,1.0
외자,1040.0,40.0,1.0,342.0,18.0,1.0
새마을금고,1041.0,21.0,1.0,0.0,0.0,0.0
입수,1042.0,25.0,1.0,0.0,0.0,0.0
너무,1043.0,30.0,1.0,0.0,0.0,0.0
운,1044.0,39.0,1.0,1014.0,23.0,1.0
속보,1045.0,24.0,1.0,0.0,0.0,0.0
업무,1046.0,41.0,1.0,0.0,0.0,0.0
보고서,1047.0,167.0,1.0,1259.0,140.0,1.0
개발,1048.0,92.0,1.0,1151.0,45.0,1.0
취하,1049.0,34.0,1.0,1494.0,25.0,1.0
비판,1050.0,19.0,1.0,0.0,0.0,0.0
수수료,1051.0,15.0,1.0,0.0,0.0,0.0
조사,1052.0,116.0,1.0,774.0,49.0,1.0
저소득,1053.0,18.0,1.0,1238.0,15.0,1.0
분위,1054.0,16.0,1.0,1198.0,15.0,1.0
지,1055.0,85.0,1.0,544.0,60.0,1.0
이자,1056.0,82.0,1.0,1022.0,83.0,1.0
저소득층,1057.0,16.0,1.0,1240.0,43.0,1.0
대하,1058.0,65.0,1.0,1376.0,34.0,1.0
속,1059.0,162.0,1.0,214.0,122.0,1.0
손실,1060.0,76.0,1.0,1383.0,54.0,1.0
나오,1061.0,88.0,1.0,1542.0,39.0,1.0
업종,1062.0,102.0,1.0,919.0,82.0,1.0
환위험,1063.0,17.0,1.0,0.0,0.0,0.0
헤지,1064.0,36.0,1.0,1270.0,36.0,1.0
요청,1065.0,49.0,1.0,1293.0,33.0,1.0
콜,1066.0,33.0,1.0,0.0,0.0,0.0
내리,1067.0,68.0,1.0,739.0,57.0,1.0
적립,1068.0,16.0,1.0,0.0,0.0,0.0
저해,1069.0,51.0,1.0,437.0,42.0,1.0
다양,1070.0,226.0,1.0,718.0,192.0,1.0
작성,1071.0,131.0,1.0,793.0,120.0,1.0
여,1072.0,47.0,1.0,1373.0,41.0,1.0
연착륙,1073.0,32.0,1.0,1391.0,28.0,1.0
체질,1074.0,20.0,1.0,0.0,0.0,0.0
과실,1075.0,15.0,1.0,0.0,0.0,0.0
기여,1076.0,106.0,1.0,994.0,90.0,1.0
경제정책,1077.0,51.0,1.0,744.0,23.0,1.0
기술,1078.0,95.0,1.0,1281.0,97.0,1.0
조기,1079.0,210.0,1.0,433.0,100.0,1.0
관측,1080.0,19.0,1.0,1653.0,17.0,1.0
필요시,1081.0,46.0,1.0,1488.0,29.0,1.0
절감,1082.0,15.0,1.0,0.0,0.0,0.0
경쟁,1083.0,79.0,1.0,1035.0,53.0,1.0
촉진,1084.0,30.0,1.0,1303.0,29.0,1.0
공개,1085.0,49.0,1.0,1193.0,26.0,1.0
철강,1086.0,25.0,1.0,1366.0,16.0,1.0
내외,1087.0,184.0,1.0,683.0,217.0,1.0
계,1088.0,36.0,1.0,213.0,23.0,1.0
마지막,1089.0,74.0,1.0,1214.0,44.0,1.0
정,1090.0,59.0,1.0,320.0,63.0,1.0
인해서,1091.0,30.0,1.0,0.0,0.0,0.0
음식,1092.0,25.0,1.0,0.0,0.0,0.0
전문,1093.0,29.0,1.0,483.0,18.0,1.0
과학,1094.0,15.0,1.0,0.0,0.0,0.0
통계,1095.0,105.0,1.0,1389.0,84.0,1.0
인력,1096.0,16.0,1.0,0.0,0.0,0.0
제약요인,1097.0,79.0,1.0,1340.0,30.0,1.0
운영,1098.0,237.0,1.0,470.0,222.0,1.0
선진,1099.0,28.0,1.0,0.0,0.0,0.0
국,1100.0,137.0,1.0,779.0,100.0,1.0
힘,1101.0,29.0,1.0,1447.0,16.0,1.0
조사국,1102.0,61.0,1.0,1287.0,36.0,1.0
제한,1103.0,117.0,1.0,951.0,79.0,1.0
비추,1104.0,157.0,1.0,310.0,100.0,1.0
경계,1105.0,200.0,1.0,732.0,182.0,1.0
우선,1106.0,141.0,1.0,753.0,86.0,1.0
활력,1107.0,42.0,1.0,1467.0,18.0,1.0
준,1108.0,25.0,1.0,1002.0,19.0,1.0
의사결정,1109.0,29.0,1.0,0.0,0.0,0.0
약하,1110.0,69.0,1.0,1404.0,52.0,1.0
지나,1111.0,28.0,1.0,151.0,29.0,1.0
확장국면,1112.0,30.0,1.0,0.0,0.0,0.0
모멘텀,1113.0,165.0,1.0,516.0,128.0,1.0
소진,1114.0,21.0,1.0,1160.0,19.0,1.0
시도,1115.0,18.0,1.0,1330.0,19.0,1.0
지지,1116.0,39.0,1.0,840.0,33.0,1.0
중요,1117.0,387.0,1.0,411.0,268.0,1.0
형성,1118.0,108.0,1.0,729.0,54.0,1.0
재개,1119.0,69.0,1.0,870.0,87.0,1.0
열,1120.0,38.0,1.0,1554.0,15.0,1.0
더디,1121.0,93.0,1.0,1272.0,111.0,1.0
진전,1122.0,72.0,1.0,1213.0,36.0,1.0
그렇,1123.0,40.0,1.0,1247.0,19.0,1.0
시작,1124.0,84.0,1.0,1177.0,104.0,1.0
사실,1125.0,100.0,1.0,1095.0,93.0,1.0
의미,1126.0,136.0,1.0,651.0,117.0,1.0
자생적,1127.0,17.0,1.0,0.0,0.0,0.0
불가피,1128.0,57.0,1.0,1248.0,60.0,1.0
확신,1129.0,23.0,1.0,1529.0,32.0,1.0
짧,1130.0,17.0,1.0,1469.0,15.0,1.0
감속,1131.0,24.0,1.0,0.0,0.0,0.0
비해서,1132.0,44.0,1.0,1273.0,39.0,1.0
주춤,1133.0,91.0,1.0,1263.0,110.0,1.0
실현,1134.0,49.0,1.0,287.0,16.0,1.0
설계,1135.0,15.0,1.0,0.0,0.0,0.0
극대,1136.0,24.0,1.0,0.0,0.0,0.0
국민,1137.0,56.0,1.0,1395.0,18.0,1.0
상당부분,1138.0,86.0,1.0,608.0,87.0,1.0
취약계층,1139.0,34.0,1.0,1201.0,32.0,1.0
이루,1140.0,199.0,1.0,1073.0,128.0,1.0
상,1141.0,184.0,1.0,223.0,178.0,1.0
이슈,1142.0,112.0,1.0,479.0,177.0,1.0
추구,1143.0,63.0,1.0,623.0,56.0,1.0
삼,1144.0,20.0,1.0,0.0,0.0,0.0
저성장,1145.0,105.0,1.0,1452.0,50.0,1.0
절,1146.0,26.0,1.0,1268.0,35.0,1.0
전략,1147.0,63.0,1.0,1358.0,33.0,1.0
접근,1148.0,52.0,1.0,1040.0,44.0,1.0
요구,1149.0,60.0,1.0,1294.0,33.0,1.0
작동,1150.0,71.0,1.0,769.0,59.0,1.0
기하,1151.0,22.0,1.0,1232.0,16.0,1.0
직면,1152.0,43.0,1.0,943.0,36.0,1.0
점증,1153.0,15.0,1.0,0.0,0.0,0.0
양적,1154.0,42.0,1.0,1420.0,31.0,1.0
생산성,1155.0,76.0,1.0,1428.0,39.0,1.0
향상,1156.0,30.0,1.0,1429.0,17.0,1.0
구성,1157.0,73.0,1.0,495.0,55.0,1.0
관점,1158.0,118.0,1.0,1069.0,99.0,1.0
통화신용정책,1159.0,127.0,1.0,1258.0,83.0,1.0
조화,1160.0,41.0,1.0,784.0,28.0,1.0
고민,1161.0,110.0,1.0,1355.0,73.0,1.0
횡보,1162.0,31.0,1.0,1472.0,28.0,1.0
용,1163.0,44.0,1.0,703.0,43.0,1.0
직,1164.0,35.0,1.0,1249.0,47.0,1.0
질적,1165.0,95.0,1.0,1455.0,43.0,1.0
고용시장,1166.0,72.0,1.0,418.0,63.0,1.0
정체,1167.0,48.0,1.0,1227.0,26.0,1.0
각,1168.0,31.0,1.0,1094.0,16.0,1.0
건전화,1169.0,22.0,1.0,0.0,0.0,0.0
정치,1170.0,65.0,1.0,1443.0,47.0,1.0
갈등,1171.0,40.0,1.0,1530.0,69.0,1.0
일각,1172.0,55.0,1.0,1323.0,39.0,1.0
과다,1173.0,43.0,1.0,158.0,23.0,1.0
구제금융,1174.0,26.0,1.0,0.0,0.0,0.0
등,1175.0,36.0,1.0,1436.0,21.0,1.0
의지,1176.0,43.0,1.0,613.0,36.0,1.0
생산자,1177.0,31.0,1.0,1112.0,18.0,1.0
거치,1178.0,21.0,1.0,1164.0,26.0,1.0
전월세,1179.0,25.0,1.0,1324.0,25.0,1.0
집세,1180.0,16.0,1.0,1518.0,27.0,1.0
만전,1181.0,19.0,1.0,0.0,0.0,0.0
비관,1182.0,26.0,1.0,1659.0,17.0,1.0
역할,1183.0,192.0,1.0,1157.0,85.0,1.0
계기,1184.0,28.0,1.0,1502.0,32.0,1.0
판매가격,1185.0,48.0,1.0,1119.0,20.0,1.0
보증,1186.0,56.0,1.0,1585.0,33.0,1.0
앞두,1187.0,45.0,1.0,901.0,26.0,1.0
증,1188.0,31.0,1.0,370.0,39.0,1.0
치,1189.0,32.0,1.0,328.0,28.0,1.0
체감,1190.0,83.0,1.0,436.0,49.0,1.0
기준치,1191.0,17.0,1.0,0.0,0.0,0.0
하회,1192.0,239.0,1.0,812.0,152.0,1.0
식료품,1193.0,63.0,1.0,691.0,79.0,1.0
비내구재,1194.0,28.0,1.0,1120.0,24.0,1.0
부품,1195.0,34.0,1.0,823.0,21.0,1.0
율,1196.0,17.0,1.0,0.0,0.0,0.0
보험,1197.0,26.0,1.0,1505.0,24.0,1.0
보합,1198.0,43.0,1.0,1308.0,30.0,1.0
했으며,1199.0,16.0,1.0,0.0,0.0,0.0
기능,1200.0,109.0,1.0,410.0,46.0,1.0
승인,1201.0,15.0,1.0,0.0,0.0,0.0
원대,1202.0,20.0,1.0,0.0,0.0,0.0
원엔,1203.0,56.0,1.0,0.0,0.0,0.0
차환,1204.0,32.0,1.0,1141.0,38.0,1.0
경상거래,1205.0,59.0,1.0,574.0,53.0,1.0
외화자산,1206.0,36.0,1.0,0.0,0.0,0.0
환,1207.0,48.0,1.0,256.0,39.0,1.0
우량,1208.0,49.0,1.0,1276.0,19.0,1.0
크레딧,1209.0,42.0,1.0,866.0,32.0,1.0
위험자산,1210.0,26.0,1.0,1478.0,31.0,1.0
행태,1211.0,125.0,1.0,1025.0,72.0,1.0
매력,1212.0,26.0,1.0,0.0,0.0,0.0
고정,1213.0,85.0,1.0,1360.0,47.0,1.0
대출비중,1214.0,57.0,1.0,1414.0,29.0,1.0
우대금리,1215.0,34.0,1.0,0.0,0.0,0.0
적용,1216.0,103.0,1.0,741.0,63.0,1.0
서민,1217.0,35.0,1.0,416.0,25.0,1.0
정부정책,1218.0,45.0,1.0,1480.0,46.0,1.0
출시,1219.0,31.0,1.0,0.0,0.0,0.0
연동,1220.0,19.0,1.0,1135.0,25.0,1.0
관,1221.0,80.0,1.0,776.0,70.0,1.0
련,1222.0,40.0,1.0,1156.0,36.0,1.0
저점,1223.0,37.0,1.0,1509.0,26.0,1.0
수출국,1224.0,22.0,1.0,0.0,0.0,0.0
주도,1225.0,88.0,1.0,755.0,82.0,1.0
업,1226.0,72.0,1.0,963.0,86.0,1.0
자영업자,1227.0,60.0,1.0,1464.0,63.0,1.0
개인사업자,1228.0,57.0,1.0,1479.0,37.0,1.0
영업,1229.0,46.0,1.0,1006.0,46.0,1.0
제외,1230.0,329.0,1.0,876.0,214.0,1.0
마이너스통장대출,1231.0,34.0,1.0,0.0,0.0,0.0
폐지,1232.0,18.0,1.0,0.0,0.0,0.0
본격,1233.0,89.0,1.0,1219.0,88.0,1.0
소멸,1234.0,50.0,1.0,977.0,27.0,1.0
전세자금,1235.0,53.0,1.0,1481.0,56.0,1.0
주택구입,1236.0,30.0,1.0,1508.0,16.0,1.0
도크,1237.0,60.0,1.0,971.0,49.0,1.0
지급,1238.0,64.0,1.0,1315.0,51.0,1.0
세금,1239.0,18.0,1.0,0.0,0.0,0.0
영,1240.0,22.0,1.0,0.0,0.0,0.0
대폭,1241.0,62.0,1.0,566.0,35.0,1.0
현금,1242.0,39.0,1.0,1144.0,15.0,1.0
떨어,1243.0,87.0,1.0,541.0,43.0,1.0
심,1244.0,107.0,1.0,347.0,62.0,1.0
본다고,1245.0,48.0,1.0,1601.0,18.0,1.0
유가상승,1246.0,17.0,1.0,1092.0,16.0,1.0
상반,1247.0,39.0,1.0,1365.0,22.0,1.0
공업,1248.0,46.0,1.0,1237.0,22.0,1.0
더불,1249.0,116.0,1.0,117.0,67.0,1.0
지난번,1250.0,27.0,1.0,0.0,0.0,0.0
지정학,1251.0,234.0,1.0,572.0,168.0,1.0
공급측면,1252.0,74.0,1.0,76.0,47.0,1.0
신흥,1253.0,17.0,1.0,730.0,15.0,1.0
차지,1254.0,106.0,1.0,780.0,86.0,1.0
연관,1255.0,51.0,1.0,606.0,54.0,1.0
소득분배,1256.0,23.0,1.0,0.0,0.0,0.0
나라,1257.0,83.0,1.0,735.0,45.0,1.0
도모,1258.0,82.0,1.0,1028.0,39.0,1.0
바뀌,1259.0,47.0,1.0,258.0,37.0,1.0
조합,1260.0,28.0,1.0,232.0,16.0,1.0
믹스,1261.0,15.0,1.0,0.0,0.0,0.0
지준,1262.0,24.0,1.0,0.0,0.0,0.0
제반,1263.0,28.0,1.0,0.0,0.0,0.0
밀접,1264.0,37.0,1.0,1024.0,30.0,1.0
자영업,1265.0,34.0,1.0,1548.0,26.0,1.0
생계형,1266.0,16.0,1.0,0.0,0.0,0.0
검,1267.0,25.0,1.0,0.0,0.0,0.0
시계열,1268.0,21.0,1.0,0.0,0.0,0.0
경제구조,1269.0,36.0,1.0,1475.0,27.0,1.0
신,1270.0,15.0,1.0,0.0,0.0,0.0
특성,1271.0,40.0,1.0,1062.0,28.0,1.0
절차,1272.0,26.0,1.0,1149.0,19.0,1.0
시일,1273.0,22.0,1.0,0.0,0.0,0.0
소요,1274.0,34.0,1.0,594.0,23.0,1.0
일례,1275.0,18.0,1.0,0.0,0.0,0.0
잠시,1276.0,16.0,1.0,0.0,0.0,0.0
여유자금,1277.0,19.0,1.0,0.0,0.0,0.0
대차대조표,1278.0,30.0,1.0,0.0,0.0,0.0
장,1279.0,73.0,1.0,891.0,65.0,1.0
단기화,1280.0,24.0,1.0,1015.0,20.0,1.0
무역금융,1281.0,27.0,1.0,0.0,0.0,0.0
외부,1282.0,79.0,1.0,1194.0,33.0,1.0
분명,1283.0,39.0,1.0,1056.0,32.0,1.0
혼재,1284.0,29.0,1.0,1407.0,35.0,1.0
상충,1285.0,28.0,1.0,1221.0,27.0,1.0
신축,1286.0,26.0,1.0,0.0,0.0,0.0
탄력,1287.0,28.0,1.0,1045.0,32.0,1.0
강,1288.0,40.0,1.0,853.0,28.0,1.0
총량,1289.0,62.0,1.0,303.0,24.0,1.0
여유,1290.0,25.0,1.0,176.0,20.0,1.0
별로,1291.0,20.0,1.0,0.0,0.0,0.0
중시,1292.0,25.0,1.0,1491.0,17.0,1.0
저축률,1293.0,37.0,1.0,0.0,0.0,0.0
과잉,1294.0,60.0,1.0,302.0,39.0,1.0
성장성,1295.0,20.0,1.0,0.0,0.0,0.0
원활,1296.0,56.0,1.0,1097.0,55.0,1.0
총액,1297.0,57.0,1.0,1262.0,42.0,1.0
한정,1298.0,21.0,1.0,0.0,0.0,0.0
했으나,1299.0,17.0,1.0,0.0,0.0,0.0
덜,1300.0,24.0,1.0,1503.0,25.0,1.0
미만,1301.0,25.0,1.0,923.0,15.0,1.0
반기,1302.0,25.0,1.0,1168.0,17.0,1.0
외환위기,1303.0,42.0,1.0,694.0,26.0,1.0
등급,1304.0,28.0,1.0,956.0,57.0,1.0
반대,1305.0,69.0,1.0,797.0,48.0,1.0
방,1306.0,66.0,1.0,327.0,46.0,1.0
시사점,1307.0,41.0,1.0,738.0,37.0,1.0
상승시,1308.0,15.0,1.0,1202.0,20.0,1.0
통상,1309.0,60.0,1.0,933.0,44.0,1.0
달라지,1310.0,79.0,1.0,762.0,54.0,1.0
벗,1311.0,38.0,1.0,709.0,23.0,1.0
부채비율,1312.0,114.0,1.0,366.0,62.0,1.0
심층,1313.0,25.0,1.0,1285.0,21.0,1.0
공,1314.0,15.0,1.0,0.0,0.0,0.0
모,1315.0,29.0,1.0,1561.0,22.0,1.0
보육,1316.0,30.0,1.0,0.0,0.0,0.0
수출입,1317.0,36.0,1.0,1486.0,16.0,1.0
균형,1318.0,107.0,1.0,991.0,72.0,1.0
실업,1319.0,21.0,1.0,0.0,0.0,0.0
괴리,1320.0,118.0,1.0,1043.0,59.0,1.0
국제기구,1321.0,32.0,1.0,1405.0,24.0,1.0
신흥시장,1322.0,30.0,1.0,278.0,15.0,1.0
션,1323.0,23.0,1.0,1055.0,17.0,1.0
적시,1324.0,25.0,1.0,0.0,0.0,0.0
가계부,1325.0,36.0,1.0,0.0,0.0,0.0
급감,1326.0,18.0,1.0,0.0,0.0,0.0
밝,1327.0,16.0,1.0,0.0,0.0,0.0
경색,1328.0,22.0,1.0,1510.0,24.0,1.0
선순환,1329.0,24.0,1.0,0.0,0.0,0.0
가깝,1330.0,33.0,1.0,549.0,26.0,1.0
플러스,1331.0,70.0,1.0,758.0,76.0,1.0
하반,1332.0,15.0,1.0,0.0,0.0,0.0
정착,1333.0,18.0,1.0,0.0,0.0,0.0
여전,1334.0,37.0,1.0,635.0,45.0,1.0
침체국면,1335.0,18.0,1.0,0.0,0.0,0.0
접어들,1336.0,35.0,1.0,1442.0,18.0,1.0
뒷받침,1337.0,80.0,1.0,92.0,54.0,1.0
초점,1338.0,50.0,1.0,1462.0,31.0,1.0
급증,1339.0,45.0,1.0,1017.0,44.0,1.0
서로,1340.0,46.0,1.0,725.0,41.0,1.0
성격,1341.0,59.0,1.0,1020.0,41.0,1.0
안정화,1342.0,107.0,1.0,1320.0,72.0,1.0
전통적,1343.0,30.0,1.0,0.0,0.0,0.0
역량,1344.0,43.0,1.0,0.0,0.0,0.0
환경,1345.0,80.0,1.0,1357.0,50.0,1.0
다르,1346.0,100.0,1.0,1012.0,82.0,1.0
개정,1347.0,80.0,1.0,1166.0,114.0,1.0
첨언,1348.0,362.0,1.0,1072.0,406.0,1.0
대신,1349.0,23.0,1.0,1474.0,26.0,1.0
대안,1350.0,32.0,1.0,1403.0,28.0,1.0
곡물,1351.0,72.0,1.0,485.0,48.0,1.0
재건축,1352.0,21.0,1.0,0.0,0.0,0.0
선제,1353.0,100.0,1.0,974.0,83.0,1.0
순유,1354.0,26.0,1.0,0.0,0.0,0.0
출로,1355.0,25.0,1.0,0.0,0.0,0.0
건전,1356.0,17.0,1.0,0.0,0.0,0.0
표현,1357.0,28.0,1.0,322.0,40.0,1.0
뚜렷이,1358.0,21.0,1.0,0.0,0.0,0.0
재무,1359.0,43.0,1.0,553.0,30.0,1.0
금융시스템,1360.0,147.0,1.0,1398.0,92.0,1.0
유념,1361.0,82.0,1.0,1378.0,47.0,1.0
거론,1362.0,29.0,1.0,1489.0,20.0,1.0
약간,1363.0,22.0,1.0,0.0,0.0,0.0
대체,1364.0,49.0,1.0,1353.0,50.0,1.0
진국,1365.0,16.0,1.0,0.0,0.0,0.0
복귀,1366.0,41.0,1.0,0.0,0.0,0.0
개편,1367.0,56.0,1.0,1432.0,30.0,1.0
정책과제,1368.0,19.0,1.0,0.0,0.0,0.0
미래,1369.0,52.0,1.0,705.0,45.0,1.0
순,1370.0,18.0,1.0,902.0,18.0,1.0
재무구조,1371.0,31.0,1.0,0.0,0.0,0.0
자산시장,1372.0,31.0,1.0,331.0,67.0,1.0
항상,1373.0,25.0,1.0,1113.0,15.0,1.0
견실,1374.0,46.0,1.0,682.0,49.0,1.0
규정,1375.0,80.0,1.0,1165.0,98.0,1.0
담당,1376.0,51.0,1.0,1251.0,50.0,1.0
보가,1377.0,22.0,1.0,1252.0,46.0,1.0
긍정적,1378.0,205.0,1.0,340.0,144.0,1.0
앞당기,1379.0,15.0,1.0,1377.0,18.0,1.0
교차,1380.0,25.0,1.0,0.0,0.0,0.0
도소매,1381.0,22.0,1.0,1454.0,17.0,1.0
전세,1382.0,68.0,1.0,192.0,99.0,1.0
맞,1383.0,42.0,1.0,1314.0,30.0,1.0
상호금융,1384.0,27.0,1.0,0.0,0.0,0.0
집행,1385.0,123.0,1.0,938.0,50.0,1.0
법인,1386.0,23.0,1.0,1415.0,19.0,1.0
속하,1387.0,24.0,1.0,1058.0,17.0,1.0
애로,1388.0,44.0,1.0,1427.0,27.0,1.0
부동산임대업,1389.0,23.0,1.0,0.0,0.0,0.0
전면,1390.0,19.0,1.0,0.0,0.0,0.0
대출태도,1391.0,49.0,1.0,1139.0,35.0,1.0
업종별,1392.0,25.0,1.0,1301.0,21.0,1.0
총액한도대출제도,1393.0,16.0,1.0,0.0,0.0,0.0
동의,1394.0,71.0,1.0,1424.0,54.0,1.0
최초,1395.0,17.0,1.0,0.0,0.0,0.0
정책금융,1396.0,17.0,1.0,1515.0,23.0,1.0
현실,1397.0,40.0,1.0,746.0,30.0,1.0
밖,1398.0,18.0,1.0,1186.0,15.0,1.0
동,1399.0,107.0,1.0,305.0,94.0,1.0
비전통적,1400.0,37.0,1.0,0.0,0.0,0.0
효율성,1401.0,48.0,1.0,1241.0,16.0,1.0
선별적,1402.0,18.0,1.0,1616.0,23.0,1.0
별첨,1403.0,50.0,1.0,1516.0,46.0,1.0
원리금,1404.0,43.0,1.0,372.0,41.0,1.0
성장기여도,1405.0,47.0,1.0,1632.0,20.0,1.0
민감도,1406.0,32.0,1.0,1638.0,20.0,1.0
의구심,1407.0,20.0,1.0,0.0,0.0,0.0
리가,1408.0,18.0,1.0,0.0,0.0,0.0
패턴,1409.0,48.0,1.0,1000.0,19.0,1.0
이연,1410.0,36.0,1.0,1242.0,23.0,1.0
특이,1411.0,50.0,1.0,1367.0,28.0,1.0
새로,1412.0,19.0,1.0,0.0,0.0,0.0
충분,1413.0,80.0,1.0,295.0,45.0,1.0
소비성향,1414.0,33.0,1.0,1576.0,24.0,1.0
고령화,1415.0,83.0,1.0,978.0,31.0,1.0
못,1416.0,34.0,1.0,543.0,30.0,1.0
자극,1417.0,16.0,1.0,1556.0,18.0,1.0
상이,1418.0,51.0,1.0,932.0,33.0,1.0
뒤,1419.0,15.0,1.0,1459.0,20.0,1.0
특징,1420.0,33.0,1.0,715.0,28.0,1.0
분야,1421.0,22.0,1.0,1563.0,20.0,1.0
노동,1422.0,66.0,1.0,979.0,68.0,1.0
양극화,1423.0,33.0,1.0,620.0,28.0,1.0
분배,1424.0,15.0,1.0,0.0,0.0,0.0
저하,1425.0,93.0,1.0,365.0,70.0,1.0
찾,1426.0,54.0,1.0,1495.0,31.0,1.0
주력,1427.0,38.0,1.0,1044.0,25.0,1.0
불안정성,1428.0,78.0,1.0,376.0,36.0,1.0
동조,1429.0,62.0,1.0,1185.0,33.0,1.0
시킬,1430.0,113.0,1.0,180.0,99.0,1.0
상대국,1431.0,20.0,1.0,0.0,0.0,0.0
이용,1432.0,72.0,1.0,284.0,54.0,1.0
차액,1433.0,15.0,1.0,0.0,0.0,0.0
중간,1434.0,15.0,1.0,0.0,0.0,0.0
결제,1435.0,64.0,1.0,1013.0,53.0,1.0
경감,1436.0,15.0,1.0,1342.0,16.0,1.0
스왑,1437.0,90.0,1.0,1385.0,65.0,1.0
시장성,1438.0,19.0,1.0,0.0,0.0,0.0
파급경로,1439.0,77.0,1.0,778.0,45.0,1.0
이론,1440.0,40.0,1.0,1042.0,38.0,1.0
이해,1441.0,94.0,1.0,315.0,71.0,1.0
금융중개기능,1442.0,34.0,1.0,0.0,0.0,0.0
연장,1443.0,38.0,1.0,589.0,95.0,1.0
중단,1444.0,24.0,1.0,1147.0,23.0,1.0
상각,1445.0,16.0,1.0,921.0,19.0,1.0
덧붙이,1446.0,283.0,1.0,1295.0,271.0,1.0
경영,1447.0,48.0,1.0,111.0,20.0,1.0
보인다는,1448.0,220.0,1.0,999.0,165.0,1.0
계정,1449.0,15.0,1.0,0.0,0.0,0.0
그대로,1450.0,16.0,1.0,0.0,0.0,0.0
사이클,1451.0,248.0,1.0,502.0,84.0,1.0
측정,1452.0,27.0,1.0,1423.0,49.0,1.0
조건,1453.0,109.0,1.0,930.0,86.0,1.0
제출,1454.0,25.0,1.0,1253.0,27.0,1.0
수요측면,1455.0,88.0,1.0,429.0,62.0,1.0
생활,1456.0,28.0,1.0,659.0,27.0,1.0
책임,1457.0,39.0,1.0,475.0,19.0,1.0
원활히,1458.0,39.0,1.0,1461.0,33.0,1.0
마무리,1459.0,23.0,1.0,0.0,0.0,0.0
고용창출,1460.0,16.0,1.0,1497.0,17.0,1.0
경제활동참가율,1461.0,23.0,1.0,1640.0,22.0,1.0
상환능력,1462.0,35.0,1.0,1435.0,28.0,1.0
몰리,1463.0,20.0,1.0,0.0,0.0,0.0
예산,1464.0,47.0,1.0,1619.0,20.0,1.0
습,1465.0,37.0,1.0,1470.0,17.0,1.0
내재,1466.0,50.0,1.0,1493.0,36.0,1.0
재연,1467.0,20.0,1.0,0.0,0.0,0.0
어떻게,1468.0,152.0,1.0,1052.0,162.0,1.0
수익률,1469.0,75.0,1.0,407.0,56.0,1.0
문,1470.0,62.0,1.0,1327.0,37.0,1.0
대다수,1471.0,15.0,1.0,0.0,0.0,0.0
지정,1472.0,29.0,1.0,0.0,0.0,0.0
마이너스성장,1473.0,19.0,1.0,0.0,0.0,0.0
가시,1474.0,64.0,1.0,1188.0,42.0,1.0
타당,1475.0,36.0,1.0,0.0,0.0,0.0
활,1476.0,27.0,1.0,0.0,0.0,0.0
승하,1477.0,23.0,1.0,1246.0,20.0,1.0
악순환,1478.0,32.0,1.0,995.0,29.0,1.0
기구,1479.0,21.0,1.0,1534.0,54.0,1.0
사후,1480.0,29.0,1.0,0.0,0.0,0.0
포착,1481.0,32.0,1.0,0.0,0.0,0.0
근거,1482.0,74.0,1.0,1233.0,87.0,1.0
의존,1483.0,57.0,1.0,1381.0,41.0,1.0
전후,1484.0,34.0,1.0,1309.0,26.0,1.0
판,1485.0,32.0,1.0,814.0,19.0,1.0
단,1486.0,29.0,1.0,0.0,0.0,0.0
중개,1487.0,15.0,1.0,0.0,0.0,0.0
형태,1488.0,54.0,1.0,719.0,29.0,1.0
체계,1489.0,119.0,1.0,992.0,76.0,1.0
뮤,1490.0,24.0,1.0,0.0,0.0,0.0
가상,1491.0,29.0,1.0,1117.0,19.0,1.0
자원배분,1492.0,15.0,1.0,704.0,15.0,1.0
잠재력,1493.0,67.0,1.0,1027.0,43.0,1.0
근접,1494.0,69.0,1.0,521.0,65.0,1.0
가하,1495.0,29.0,1.0,1359.0,34.0,1.0
좁,1496.0,45.0,1.0,1412.0,28.0,1.0
에너지제외지수,1497.0,29.0,1.0,1533.0,28.0,1.0
마감,1498.0,27.0,1.0,1449.0,30.0,1.0
기금,1499.0,19.0,1.0,289.0,17.0,1.0
재투자,1500.0,19.0,1.0,0.0,0.0,0.0
절반,1501.0,23.0,1.0,0.0,0.0,0.0
계절요인,1502.0,47.0,1.0,816.0,38.0,1.0
록,1503.0,21.0,1.0,1250.0,31.0,1.0
주식발행,1504.0,15.0,1.0,903.0,19.0,1.0
순상환,1505.0,72.0,1.0,857.0,41.0,1.0
취득세,1506.0,21.0,1.0,1341.0,21.0,1.0
감면,1507.0,22.0,1.0,1535.0,22.0,1.0
혜택,1508.0,50.0,1.0,1195.0,23.0,1.0
신용협동기구,1509.0,34.0,1.0,0.0,0.0,0.0
상여금,1510.0,29.0,1.0,1369.0,23.0,1.0
향방,1511.0,44.0,1.0,1473.0,30.0,1.0
서베이,1512.0,42.0,1.0,1550.0,22.0,1.0
얼마,1513.0,16.0,1.0,1410.0,20.0,1.0
통관기준,1514.0,42.0,1.0,1558.0,22.0,1.0
양자,1515.0,21.0,1.0,0.0,0.0,0.0
공장,1516.0,23.0,1.0,0.0,0.0,0.0
통관,1517.0,34.0,1.0,0.0,0.0,0.0
질,1518.0,26.0,1.0,423.0,37.0,1.0
모형,1519.0,67.0,1.0,993.0,75.0,1.0
단순,1520.0,15.0,1.0,1426.0,30.0,1.0
수출기업,1521.0,25.0,1.0,0.0,0.0,0.0
성,1522.0,33.0,1.0,1162.0,33.0,1.0
내포,1523.0,21.0,1.0,0.0,0.0,0.0
장점,1524.0,16.0,1.0,0.0,0.0,0.0
조만간,1525.0,22.0,1.0,1187.0,18.0,1.0
이벤트,1526.0,16.0,1.0,0.0,0.0,0.0
다각도,1527.0,16.0,1.0,1617.0,16.0,1.0
함의,1528.0,18.0,1.0,0.0,0.0,0.0
예측,1529.0,108.0,1.0,1114.0,89.0,1.0
담보,1530.0,113.0,1.0,1158.0,102.0,1.0
취,1531.0,20.0,1.0,0.0,0.0,0.0
선물,1532.0,18.0,1.0,0.0,0.0,0.0
반해,1533.0,31.0,1.0,1408.0,25.0,1.0
제,1534.0,36.0,1.0,0.0,0.0,0.0
금융권,1535.0,34.0,1.0,0.0,0.0,0.0
정기,1536.0,25.0,1.0,1483.0,21.0,1.0
주체,1537.0,30.0,1.0,0.0,0.0,0.0
국채선물시장,1538.0,24.0,1.0,0.0,0.0,0.0
데이터,1539.0,36.0,1.0,1600.0,38.0,1.0
부서,1540.0,17.0,1.0,0.0,0.0,0.0
맞물리,1541.0,37.0,1.0,1215.0,44.0,1.0
사안,1542.0,16.0,1.0,0.0,0.0,0.0
감독,1543.0,59.0,1.0,1217.0,16.0,1.0
적어도,1544.0,16.0,1.0,1678.0,16.0,1.0
디플레이션,1545.0,178.0,1.0,1607.0,44.0,1.0
치를,1546.0,21.0,1.0,0.0,0.0,0.0
다루,1547.0,15.0,1.0,0.0,0.0,0.0
밀,1548.0,20.0,1.0,1512.0,17.0,1.0
엔저현상,1549.0,16.0,1.0,0.0,0.0,0.0
좌우,1550.0,27.0,1.0,1339.0,33.0,1.0
진이,1551.0,20.0,1.0,964.0,15.0,1.0
구,1552.0,22.0,1.0,1226.0,16.0,1.0
비교적,1553.0,102.0,1.0,573.0,87.0,1.0
탈퇴,1554.0,27.0,1.0,0.0,0.0,0.0
절하,1555.0,89.0,1.0,1123.0,98.0,1.0
이끄,1556.0,23.0,1.0,1476.0,25.0,1.0
타,1557.0,21.0,1.0,1372.0,30.0,1.0
커뮤니케이션,1558.0,171.0,1.0,409.0,63.0,1.0
부연,1559.0,22.0,1.0,1614.0,16.0,1.0
훼손,1560.0,42.0,1.0,434.0,20.0,1.0
안전,1561.0,16.0,1.0,0.0,0.0,0.0
실적치,1562.0,18.0,1.0,0.0,0.0,0.0
가파르,1563.0,42.0,1.0,428.0,81.0,1.0
소통,1564.0,17.0,1.0,472.0,19.0,1.0
채널,1565.0,15.0,1.0,0.0,0.0,0.0
연계,1566.0,138.0,1.0,737.0,85.0,1.0
누증,1567.0,47.0,1.0,1528.0,63.0,1.0
즉각,1568.0,19.0,1.0,0.0,0.0,0.0
낫,1569.0,42.0,1.0,681.0,28.0,1.0
테일리스크,1570.0,23.0,1.0,0.0,0.0,0.0
사라지,1571.0,17.0,1.0,0.0,0.0,0.0
합리적,1572.0,20.0,1.0,0.0,0.0,0.0
안정성,1573.0,52.0,1.0,393.0,49.0,1.0
운송장,1574.0,29.0,1.0,0.0,0.0,0.0
계절조정,1575.0,53.0,1.0,1560.0,37.0,1.0
신용스프레드,1576.0,80.0,1.0,1307.0,94.0,1.0
엇갈리,1577.0,44.0,1.0,1310.0,23.0,1.0
수도,1578.0,19.0,1.0,0.0,0.0,0.0
항,1579.0,24.0,1.0,1257.0,47.0,1.0
금융안정보고서,1580.0,54.0,1.0,1592.0,25.0,1.0
협의회,1581.0,53.0,1.0,1155.0,84.0,1.0
심사,1582.0,15.0,1.0,0.0,0.0,0.0
참여,1583.0,36.0,1.0,500.0,31.0,1.0
흡수,1584.0,41.0,1.0,688.0,22.0,1.0
상세히,1585.0,15.0,1.0,0.0,0.0,0.0
무상,1586.0,36.0,1.0,1537.0,15.0,1.0
존재,1587.0,51.0,1.0,1409.0,49.0,1.0
주거비,1588.0,29.0,1.0,1623.0,90.0,1.0
분양,1589.0,23.0,1.0,1507.0,47.0,1.0
착공,1590.0,15.0,1.0,1611.0,17.0,1.0
저축,1591.0,123.0,1.0,364.0,80.0,1.0
용도,1592.0,30.0,1.0,1401.0,18.0,1.0
세제,1593.0,33.0,1.0,455.0,19.0,1.0
견,1594.0,39.0,1.0,653.0,30.0,1.0
근로시간,1595.0,15.0,1.0,1570.0,22.0,1.0
참가,1596.0,19.0,1.0,0.0,0.0,0.0
공기업,1597.0,30.0,1.0,0.0,0.0,0.0
순응성,1598.0,15.0,1.0,0.0,0.0,0.0
추,1599.0,49.0,1.0,918.0,31.0,1.0
살,1600.0,33.0,1.0,222.0,26.0,1.0
인구구조,1601.0,33.0,1.0,1631.0,31.0,1.0
충실히,1602.0,24.0,1.0,1283.0,17.0,1.0
담,1603.0,18.0,1.0,0.0,0.0,0.0
물가안정목표제,1604.0,38.0,1.0,1328.0,32.0,1.0
채택,1605.0,16.0,1.0,0.0,0.0,0.0
출구전략,1606.0,26.0,1.0,1298.0,19.0,1.0
소개,1607.0,171.0,1.0,408.0,100.0,1.0
상기,1608.0,34.0,1.0,577.0,37.0,1.0
나누,1609.0,16.0,1.0,0.0,0.0,0.0
니케,1610.0,20.0,1.0,0.0,0.0,0.0
펴,1611.0,15.0,1.0,1657.0,15.0,1.0
지자체,1612.0,18.0,1.0,0.0,0.0,0.0
서서히,1613.0,35.0,1.0,1048.0,45.0,1.0
이례적,1614.0,38.0,1.0,1296.0,54.0,1.0
인플레이션갭,1615.0,48.0,1.0,1333.0,23.0,1.0
분면,1616.0,24.0,1.0,0.0,0.0,0.0
파급시차,1617.0,22.0,1.0,970.0,28.0,1.0
끝,1618.0,70.0,1.0,1071.0,17.0,1.0
실제로,1619.0,56.0,1.0,528.0,41.0,1.0
다수,1620.0,52.0,1.0,790.0,58.0,1.0
독립,1621.0,17.0,1.0,0.0,0.0,0.0
트,1622.0,28.0,1.0,1127.0,35.0,1.0
맥락,1623.0,54.0,1.0,1654.0,43.0,1.0
의사록,1624.0,33.0,1.0,0.0,0.0,0.0
만들,1625.0,21.0,1.0,1235.0,15.0,1.0
국채시장,1626.0,20.0,1.0,0.0,0.0,0.0
편익,1627.0,19.0,1.0,1522.0,17.0,1.0
합,1628.0,21.0,1.0,0.0,0.0,0.0
명하,1629.0,16.0,1.0,0.0,0.0,0.0
사업,1630.0,33.0,1.0,1170.0,28.0,1.0
독자,1631.0,17.0,1.0,1282.0,18.0,1.0
스스로,1632.0,15.0,1.0,0.0,0.0,0.0
수반,1633.0,36.0,1.0,706.0,17.0,1.0
통제,1634.0,29.0,1.0,163.0,25.0,1.0
가공,1635.0,17.0,1.0,0.0,0.0,0.0
월대,1636.0,27.0,1.0,1531.0,18.0,1.0
임대,1637.0,35.0,1.0,1264.0,19.0,1.0
임시,1638.0,23.0,1.0,0.0,0.0,0.0
락하,1639.0,25.0,1.0,1448.0,22.0,1.0
시사,1640.0,99.0,1.0,552.0,62.0,1.0
팔,1641.0,21.0,1.0,1602.0,16.0,1.0
법인세,1642.0,19.0,1.0,0.0,0.0,0.0
만약,1643.0,23.0,1.0,1223.0,17.0,1.0
산출,1644.0,32.0,1.0,1608.0,23.0,1.0
기울이,1645.0,26.0,1.0,0.0,0.0,0.0
보조,1646.0,30.0,1.0,1571.0,18.0,1.0
재정절벽,1647.0,17.0,1.0,0.0,0.0,0.0
편제,1648.0,23.0,1.0,0.0,0.0,0.0
맞추,1649.0,54.0,1.0,1463.0,44.0,1.0
감내,1650.0,23.0,1.0,1111.0,31.0,1.0
협력,1651.0,28.0,1.0,0.0,0.0,0.0
타격,1652.0,17.0,1.0,0.0,0.0,0.0
차주,1653.0,71.0,1.0,968.0,61.0,1.0
분포,1654.0,21.0,1.0,1091.0,19.0,1.0
원칙,1655.0,45.0,1.0,459.0,23.0,1.0
입주,1656.0,16.0,1.0,208.0,28.0,1.0
분쟁,1657.0,67.0,1.0,1549.0,127.0,1.0
불황,1658.0,20.0,1.0,0.0,0.0,0.0
완충,1659.0,45.0,1.0,1646.0,36.0,1.0
활성화,1660.0,193.0,1.0,1049.0,59.0,1.0
강도,1661.0,39.0,1.0,1392.0,38.0,1.0
정책조합,1662.0,40.0,1.0,1115.0,19.0,1.0
용어,1663.0,16.0,1.0,0.0,0.0,0.0
발휘,1664.0,20.0,1.0,0.0,0.0,0.0
축적,1665.0,64.0,1.0,1471.0,47.0,1.0
개방경제,1666.0,25.0,1.0,0.0,0.0,0.0
시현,1667.0,27.0,1.0,0.0,0.0,0.0
집계,1668.0,25.0,1.0,1574.0,15.0,1.0
추경,1669.0,145.0,1.0,1610.0,68.0,1.0
편성,1670.0,44.0,1.0,1621.0,22.0,1.0
투입,1671.0,19.0,1.0,0.0,0.0,0.0
동반,1672.0,49.0,1.0,1077.0,35.0,1.0
밑돌,1673.0,25.0,1.0,1679.0,20.0,1.0
기울여야,1674.0,24.0,1.0,1399.0,22.0,1.0
석,1675.0,22.0,1.0,1189.0,22.0,1.0
분,1676.0,17.0,1.0,0.0,0.0,0.0
완전히,1677.0,27.0,1.0,1199.0,20.0,1.0
주거,1678.0,22.0,1.0,1239.0,17.0,1.0
예컨대,1679.0,24.0,1.0,0.0,0.0,0.0
외부충격,1680.0,20.0,1.0,0.0,0.0,0.0
관찰,1681.0,39.0,1.0,1519.0,53.0,1.0
경기순환,1682.0,75.0,1.0,1577.0,21.0,1.0
진단,1683.0,31.0,1.0,1566.0,17.0,1.0
예단,1684.0,15.0,1.0,1620.0,16.0,1.0
돕,1685.0,16.0,1.0,0.0,0.0,0.0
누적,1686.0,115.0,1.0,1588.0,114.0,1.0
그,1687.0,15.0,1.0,0.0,0.0,0.0
가져오,1688.0,17.0,1.0,341.0,23.0,1.0
축,1689.0,19.0,1.0,1216.0,15.0,1.0
설비투자지수,1690.0,21.0,1.0,0.0,0.0,0.0
비주거,1691.0,19.0,1.0,0.0,0.0,0.0
건물,1692.0,34.0,1.0,1336.0,36.0,1.0
두드러지,1693.0,17.0,1.0,1527.0,33.0,1.0
자,1694.0,15.0,1.0,0.0,0.0,0.0
준비,1695.0,31.0,1.0,1313.0,29.0,1.0
유형,1696.0,18.0,1.0,0.0,0.0,0.0
연구개발,1697.0,29.0,1.0,1578.0,20.0,1.0
보강,1698.0,25.0,1.0,1286.0,20.0,1.0
추후,1699.0,26.0,1.0,1627.0,21.0,1.0
복원력,1700.0,57.0,1.0,1624.0,45.0,1.0
단위,1701.0,16.0,1.0,966.0,22.0,1.0
만일,1702.0,99.0,1.0,1402.0,46.0,1.0
공통,1703.0,20.0,1.0,477.0,21.0,1.0
과열,1704.0,21.0,1.0,0.0,0.0,0.0
육성,1705.0,22.0,1.0,0.0,0.0,0.0
자금중개기능,1706.0,18.0,1.0,0.0,0.0,0.0
창출,1707.0,18.0,1.0,1422.0,22.0,1.0
제도개선,1708.0,23.0,1.0,0.0,0.0,0.0
기술적,1709.0,24.0,1.0,1451.0,22.0,1.0
차익거래,1710.0,64.0,1.0,1583.0,67.0,1.0
채권자금,1711.0,69.0,1.0,1386.0,67.0,1.0
부합,1712.0,76.0,1.0,1557.0,82.0,1.0
캐리,1713.0,29.0,1.0,1269.0,17.0,1.0
고수익,1714.0,22.0,1.0,0.0,0.0,0.0
양국,1715.0,22.0,1.0,1669.0,15.0,1.0
유동화,1716.0,27.0,1.0,0.0,0.0,0.0
금융규제,1717.0,22.0,1.0,0.0,0.0,0.0
금융자산,1718.0,37.0,1.0,352.0,42.0,1.0
양,1719.0,34.0,1.0,0.0,0.0,0.0
부실기업,1720.0,20.0,1.0,0.0,0.0,0.0
불투명,1721.0,25.0,1.0,592.0,17.0,1.0
주택매매,1722.0,29.0,1.0,1411.0,24.0,1.0
그럼에도,1723.0,18.0,1.0,0.0,0.0,0.0
다각,1724.0,20.0,1.0,1555.0,15.0,1.0
불과,1725.0,17.0,1.0,527.0,22.0,1.0
여수신,1726.0,80.0,1.0,1260.0,51.0,1.0
다수결,1727.0,16.0,1.0,788.0,21.0,1.0
명백히,1728.0,19.0,1.0,796.0,24.0,1.0
의사,1729.0,27.0,1.0,798.0,33.0,1.0
인정,1730.0,18.0,1.0,0.0,0.0,0.0
공개시장,1731.0,29.0,1.0,1209.0,25.0,1.0
정성,1732.0,19.0,1.0,1299.0,15.0,1.0
대선,1733.0,22.0,1.0,1569.0,21.0,1.0
분류,1734.0,19.0,1.0,1544.0,20.0,1.0
저물가,1735.0,160.0,1.0,1606.0,44.0,1.0
디스인플레이션,1736.0,30.0,1.0,1649.0,17.0,1.0
부양책,1737.0,56.0,1.0,590.0,72.0,1.0
중후반,1738.0,25.0,1.0,637.0,22.0,1.0
물가채,1739.0,19.0,1.0,0.0,0.0,0.0
왜곡,1740.0,19.0,1.0,165.0,16.0,1.0
크기,1741.0,24.0,1.0,1525.0,17.0,1.0
중견,1742.0,17.0,1.0,0.0,0.0,0.0
선반영,1743.0,21.0,1.0,1011.0,18.0,1.0
기간프리미엄,1744.0,54.0,1.0,0.0,0.0,0.0
매크로,1745.0,17.0,1.0,692.0,20.0,1.0
단순히,1746.0,19.0,1.0,1431.0,15.0,1.0
보수,1747.0,19.0,1.0,1138.0,22.0,1.0
재점검,1748.0,23.0,1.0,0.0,0.0,0.0
특수,1749.0,21.0,1.0,0.0,0.0,0.0
상업,1750.0,41.0,1.0,1677.0,18.0,1.0
수년,1751.0,17.0,1.0,1599.0,21.0,1.0
심도,1752.0,17.0,1.0,0.0,0.0,0.0
프로그램,1753.0,73.0,1.0,1153.0,67.0,1.0
영역,1754.0,22.0,1.0,0.0,0.0,0.0
사료,1755.0,18.0,1.0,0.0,0.0,0.0
논란,1756.0,51.0,1.0,1106.0,30.0,1.0
공감대,1757.0,15.0,1.0,0.0,0.0,0.0
개념,1758.0,20.0,1.0,0.0,0.0,0.0
지체,1759.0,20.0,1.0,0.0,0.0,0.0
회복력,1760.0,17.0,1.0,0.0,0.0,0.0
파장,1761.0,16.0,1.0,0.0,0.0,0.0
갖추,1762.0,19.0,1.0,0.0,0.0,0.0
단행,1763.0,26.0,1.0,0.0,0.0,0.0
근,1764.0,42.0,1.0,1575.0,34.0,1.0
생기,1765.0,23.0,1.0,0.0,0.0,0.0
변동금리부,1766.0,21.0,1.0,0.0,0.0,0.0
고정금리부,1767.0,17.0,1.0,0.0,0.0,0.0
여지,1768.0,18.0,1.0,0.0,0.0,0.0
산유국,1769.0,25.0,1.0,609.0,24.0,1.0
주거용건물,1770.0,23.0,1.0,1591.0,15.0,1.0
현지,1771.0,36.0,1.0,1564.0,21.0,1.0
거래일,1772.0,15.0,1.0,1573.0,24.0,1.0
가입,1773.0,24.0,1.0,0.0,0.0,0.0
예치,1774.0,16.0,1.0,1584.0,21.0,1.0
적금,1775.0,15.0,1.0,0.0,0.0,0.0
상관관계,1776.0,39.0,1.0,1183.0,26.0,1.0
료,1777.0,15.0,1.0,0.0,0.0,0.0
역대,1778.0,23.0,1.0,1565.0,15.0,1.0
목,1779.0,40.0,1.0,452.0,35.0,1.0
타결,1780.0,21.0,1.0,1568.0,16.0,1.0
인프라,1781.0,30.0,1.0,1630.0,15.0,1.0
중간재,1782.0,17.0,1.0,0.0,0.0,0.0
곤란,1783.0,18.0,1.0,0.0,0.0,0.0
간접,1784.0,26.0,1.0,1176.0,19.0,1.0
정비,1785.0,19.0,1.0,0.0,0.0,0.0
우량등급,1786.0,41.0,1.0,877.0,31.0,1.0
담보대출,1787.0,22.0,1.0,0.0,0.0,0.0
의도,1788.0,33.0,1.0,1067.0,34.0,1.0
조건부,1789.0,16.0,1.0,0.0,0.0,0.0
적격,1790.0,23.0,1.0,1594.0,16.0,1.0
이자보상배율,1791.0,16.0,1.0,0.0,0.0,0.0
매출,1792.0,32.0,1.0,1368.0,26.0,1.0
객관,1793.0,17.0,1.0,0.0,0.0,0.0
가이던스,1794.0,16.0,1.0,0.0,0.0,0.0
환경변화,1795.0,17.0,1.0,0.0,0.0,0.0
얼마나,1796.0,40.0,1.0,1644.0,24.0,1.0
상하방,1797.0,49.0,1.0,1090.0,39.0,1.0
간접금융,1798.0,30.0,1.0,0.0,0.0,0.0
이력효과,1799.0,21.0,1.0,0.0,0.0,0.0
고착,1800.0,18.0,1.0,0.0,0.0,0.0
회복국면,1801.0,38.0,1.0,1609.0,15.0,1.0
가늠,1802.0,34.0,1.0,1672.0,29.0,1.0
자연,1803.0,22.0,1.0,1093.0,21.0,1.0
통화정책방향결정회의,1804.0,40.0,1.0,1661.0,57.0,1.0
그리스사태,1805.0,41.0,1.0,0.0,0.0,0.0
비우량,1806.0,78.0,1.0,1506.0,59.0,1.0
결제성자금,1807.0,15.0,1.0,0.0,0.0,0.0
관계자,1808.0,21.0,1.0,0.0,0.0,0.0
확정,1809.0,22.0,1.0,0.0,0.0,0.0
날,1810.0,20.0,1.0,1332.0,15.0,1.0
곳,1811.0,16.0,1.0,0.0,0.0,0.0
달하,1812.0,45.0,1.0,1169.0,22.0,1.0
통과,1813.0,19.0,1.0,0.0,0.0,0.0
거리,1814.0,21.0,1.0,1068.0,59.0,1.0
접근성,1815.0,20.0,1.0,0.0,0.0,0.0
구간,1816.0,26.0,1.0,0.0,0.0,0.0
가량,1817.0,15.0,1.0,0.0,0.0,0.0
역외,1818.0,40.0,1.0,852.0,25.0,1.0
안건,1819.0,33.0,1.0,1154.0,40.0,1.0
발굴,1820.0,16.0,1.0,0.0,0.0,0.0
매년,1821.0,17.0,1.0,0.0,0.0,0.0
금융지원,1822.0,28.0,1.0,1350.0,41.0,1.0
메커니즘,1823.0,20.0,1.0,0.0,0.0,0.0
일단,1824.0,25.0,1.0,0.0,0.0,0.0
계부,1825.0,20.0,1.0,0.0,0.0,0.0
세입,1826.0,16.0,1.0,0.0,0.0,0.0
자동,1827.0,18.0,1.0,0.0,0.0,0.0
아베노믹스,1828.0,42.0,1.0,0.0,0.0,0.0
가정,1829.0,38.0,1.0,759.0,36.0,1.0
소위,1830.0,32.0,1.0,0.0,0.0,0.0
임계,1831.0,15.0,1.0,0.0,0.0,0.0
궁극적,1832.0,25.0,1.0,0.0,0.0,0.0
창업,1833.0,15.0,1.0,0.0,0.0,0.0
동력,1834.0,15.0,1.0,0.0,0.0,0.0
최종,1835.0,22.0,1.0,1148.0,44.0,1.0
개별소비세,1836.0,16.0,1.0,1655.0,15.0,1.0
강력,1837.0,20.0,1.0,464.0,20.0,1.0
토대,1838.0,30.0,1.0,773.0,17.0,1.0
전례,1839.0,18.0,1.0,0.0,0.0,0.0
가처분,1840.0,23.0,1.0,0.0,0.0,0.0
혁신,1841.0,36.0,1.0,0.0,0.0,0.0
하한,1842.0,54.0,1.0,0.0,0.0,0.0
정립,1843.0,15.0,1.0,0.0,0.0,0.0
유보,1844.0,19.0,1.0,1625.0,15.0,1.0
이율,1845.0,19.0,1.0,1261.0,40.0,1.0
엔저,1846.0,75.0,1.0,0.0,0.0,0.0
호황,1847.0,16.0,1.0,0.0,0.0,0.0
수축국면,1848.0,17.0,1.0,0.0,0.0,0.0
상승국면,1849.0,15.0,1.0,628.0,44.0,1.0
노출,1850.0,22.0,1.0,0.0,0.0,0.0
제로금리,1851.0,15.0,1.0,0.0,0.0,0.0
포워드가이던스,1852.0,71.0,1.0,0.0,0.0,0.0
고평가,1853.0,26.0,1.0,1639.0,19.0,1.0
수요자,1854.0,16.0,1.0,0.0,0.0,0.0
명확히,1855.0,32.0,1.0,1086.0,28.0,1.0
안착,1856.0,35.0,1.0,1681.0,26.0,1.0
통화정책방향회의,1857.0,24.0,1.0,0.0,0.0,0.0
부채한도,1858.0,16.0,1.0,1582.0,18.0,1.0
배럴,1859.0,23.0,1.0,1634.0,26.0,1.0
정정불안,1860.0,32.0,1.0,1211.0,26.0,1.0
매각,1861.0,27.0,1.0,922.0,32.0,1.0
신설,1862.0,19.0,1.0,0.0,0.0,0.0
견고,1863.0,15.0,1.0,0.0,0.0,0.0
최저임금,1864.0,23.0,1.0,0.0,0.0,0.0
언,1865.0,27.0,1.0,1636.0,41.0,1.0
계산,1866.0,16.0,1.0,0.0,0.0,0.0
개입,1867.0,15.0,1.0,1161.0,20.0,1.0
유의미한,1868.0,23.0,1.0,1668.0,18.0,1.0
시장안정화조치,1869.0,21.0,1.0,1586.0,20.0,1.0
사람,1870.0,18.0,1.0,0.0,0.0,0.0
숙박,1871.0,24.0,1.0,1612.0,25.0,1.0
저인플레이션,1872.0,54.0,1.0,1615.0,16.0,1.0
할지,1873.0,20.0,1.0,0.0,0.0,0.0
테이퍼링,1874.0,49.0,1.0,1603.0,37.0,1.0
취지,1875.0,59.0,1.0,1514.0,29.0,1.0
구조개혁,1876.0,71.0,1.0,1598.0,20.0,1.0
소비세,1877.0,45.0,1.0,0.0,0.0,0.0
외수,1878.0,17.0,1.0,0.0,0.0,0.0
갈수록,1879.0,24.0,1.0,1356.0,26.0,1.0
깊이,1880.0,16.0,1.0,0.0,0.0,0.0
신중히,1881.0,31.0,1.0,1581.0,20.0,1.0
실효환율,1882.0,66.0,1.0,1635.0,32.0,1.0
허용,1883.0,18.0,1.0,0.0,0.0,0.0
위안화예금,1884.0,23.0,1.0,0.0,0.0,0.0
재원,1885.0,16.0,1.0,1532.0,18.0,1.0
비트코인,1886.0,36.0,1.0,0.0,0.0,0.0
간과,1887.0,16.0,1.0,0.0,0.0,0.0
시설자금,1888.0,15.0,1.0,0.0,0.0,0.0
투자은행,1889.0,16.0,1.0,0.0,0.0,0.0
서술,1890.0,17.0,1.0,1288.0,44.0,1.0
기한,1891.0,32.0,1.0,1660.0,34.0,1.0
재정증권,1892.0,20.0,1.0,927.0,16.0,1.0
월세,1893.0,33.0,1.0,200.0,27.0,1.0
그림자금융,1894.0,45.0,1.0,1597.0,18.0,1.0
사고,1895.0,65.0,1.0,0.0,0.0,0.0
익스포저,1896.0,25.0,1.0,1593.0,23.0,1.0
금융감독당국,1897.0,15.0,1.0,0.0,0.0,0.0
세부,1898.0,50.0,1.0,1484.0,28.0,1.0
재무비율,1899.0,15.0,1.0,1652.0,19.0,1.0
사건,1900.0,29.0,1.0,0.0,0.0,0.0
수록,1901.0,26.0,1.0,0.0,0.0,0.0
금융중개지원대출,1902.0,86.0,1.0,1622.0,75.0,1.0
우크라이나사태,1903.0,31.0,1.0,1700.0,77.0,1.0
세월,1904.0,87.0,1.0,0.0,0.0,0.0
공공자금,1905.0,17.0,1.0,1674.0,15.0,1.0
질의,1906.0,92.0,1.0,1626.0,231.0,1.0
필립스곡선,1907.0,15.0,1.0,0.0,0.0,0.0
증권자금,1908.0,15.0,1.0,1587.0,27.0,1.0
스트레스테스트,1909.0,29.0,1.0,1100.0,23.0,1.0
출산,1910.0,19.0,1.0,0.0,0.0,0.0
디플레이터,1911.0,16.0,1.0,0.0,0.0,0.0
원위안,1912.0,16.0,1.0,0.0,0.0,0.0
직거래시장,1913.0,15.0,1.0,0.0,0.0,0.0
소상공인,1914.0,25.0,1.0,1691.0,29.0,1.0
처분가능,1915.0,30.0,1.0,0.0,0.0,0.0
유휴생산능력,1916.0,64.0,1.0,1628.0,21.0,1.0
재화,1917.0,25.0,1.0,975.0,43.0,1.0
담배가격,1918.0,27.0,1.0,0.0,0.0,0.0
통화신용정책보고서,1919.0,23.0,1.0,1256.0,27.0,1.0
저유가,1920.0,46.0,1.0,1633.0,25.0,1.0
연차보고서,1921.0,19.0,1.0,0.0,0.0,0.0
외환유출입,1922.0,20.0,1.0,1650.0,32.0,1.0
국책은행,1923.0,18.0,1.0,0.0,0.0,0.0
브렉시트,1924.0,89.0,1.0,0.0,0.0,0.0
경기민감물가,1925.0,29.0,1.0,0.0,0.0,0.0
지급결제제도,1926.0,18.0,1.0,0.0,0.0,0.0
보호무역주의,1927.0,27.0,1.0,1664.0,25.0,1.0
이전지출,1928.0,17.0,1.0,0.0,0.0,0.0
주의깊,1929.0,22.0,1.0,1629.0,26.0,1.0
지식재산,1930.0,16.0,1.0,1675.0,17.0,1.0
생산물,1931.0,16.0,1.0,1676.0,18.0,1.0
코로나,1932.0,507.0,1.0,1682.0,684.0,1.0
바이러스,1933.0,24.0,1.0,1685.0,41.0,1.0
공급망,1934.0,29.0,1.0,1499.0,61.0,1.0
방역,1935.0,39.0,1.0,1683.0,141.0,1.0
팬데믹,1936.0,40.0,1.0,1693.0,79.0,1.0
특별대출,1937.0,16.0,1.0,0.0,0.0,0.0
접종,1938.0,22.0,1.0,1694.0,86.0,1.0
대면,1939.0,21.0,1.0,1692.0,34.0,1.0
변이,1940.0,17.0,1.0,1696.0,63.0,1.0
자녀,1941.0,24.0,1.0,0.0,0.0,0.0
전기차,1942.0,37.0,1.0,0.0,0.0,0.0
홍콩,1943.0,18.0,1.0,0.0,0.0,0.0
보험기금,0.0,0.0,0.0,4.0,22.0,1.0
투신,0.0,0.0,0.0,5.0,24.0,1.0
할인,0.0,0.0,0.0,18.0,17.0,1.0
잔존,0.0,0.0,0.0,19.0,21.0,1.0
호,0.0,0.0,0.0,27.0,17.0,1.0
전쟁,0.0,0.0,0.0,139.0,33.0,1.0
채소,0.0,0.0,0.0,218.0,20.0,1.0
구제역,0.0,0.0,0.0,220.0,16.0,1.0
부과,0.0,0.0,0.0,336.0,17.0,1.0
전가,0.0,0.0,0.0,344.0,32.0,1.0
퇴석,0.0,0.0,0.0,417.0,16.0,1.0
상용직,0.0,0.0,0.0,424.0,18.0,1.0
최우선,0.0,0.0,0.0,438.0,18.0,1.0
확고히,0.0,0.0,0.0,443.0,18.0,1.0
품,0.0,0.0,0.0,451.0,16.0,1.0
행위,0.0,0.0,0.0,463.0,15.0,1.0
비상,0.0,0.0,0.0,466.0,19.0,1.0
광범위,0.0,0.0,0.0,482.0,35.0,1.0
시급,0.0,0.0,0.0,545.0,17.0,1.0
요약,0.0,0.0,0.0,546.0,21.0,1.0
초저금리,0.0,0.0,0.0,551.0,17.0,1.0
실정,0.0,0.0,0.0,595.0,17.0,1.0
거시변수,0.0,0.0,0.0,638.0,23.0,1.0
은,0.0,0.0,0.0,668.0,27.0,1.0
가까이,0.0,0.0,0.0,695.0,16.0,1.0
타이밍,0.0,0.0,0.0,708.0,16.0,1.0
실증,0.0,0.0,0.0,747.0,20.0,1.0
활기,0.0,0.0,0.0,815.0,15.0,1.0
본원,0.0,0.0,0.0,831.0,17.0,1.0
유통,0.0,0.0,0.0,861.0,15.0,1.0
단기물,0.0,0.0,0.0,872.0,22.0,1.0
조원,0.0,0.0,0.0,875.0,17.0,1.0
가스,0.0,0.0,0.0,926.0,19.0,1.0
부대,0.0,0.0,0.0,929.0,18.0,1.0
일시차입금,0.0,0.0,0.0,931.0,18.0,1.0
적응,0.0,0.0,0.0,955.0,15.0,1.0
시킴,0.0,0.0,0.0,961.0,15.0,1.0
홀딩스,0.0,0.0,0.0,967.0,18.0,1.0
사채,0.0,0.0,0.0,969.0,15.0,1.0
정지,0.0,0.0,0.0,1007.0,17.0,1.0
일종,0.0,0.0,0.0,1019.0,19.0,1.0
카드,0.0,0.0,0.0,1033.0,20.0,1.0
준칙,0.0,0.0,0.0,1041.0,23.0,1.0
투자성향,0.0,0.0,0.0,1088.0,15.0,1.0
인상기,0.0,0.0,0.0,1104.0,28.0,1.0
후행,0.0,0.0,0.0,1107.0,16.0,1.0
달러인덱스,0.0,0.0,0.0,1121.0,25.0,1.0
국고여유자금,0.0,0.0,0.0,1143.0,21.0,1.0
워크아웃,0.0,0.0,0.0,1146.0,22.0,1.0
기업회생절차,0.0,0.0,0.0,1150.0,22.0,1.0
종류,0.0,0.0,0.0,1172.0,16.0,1.0
내역,0.0,0.0,0.0,1173.0,16.0,1.0
공사,0.0,0.0,0.0,1174.0,17.0,1.0
별다른,0.0,0.0,0.0,1191.0,17.0,1.0
원가,0.0,0.0,0.0,1205.0,18.0,1.0
비스,0.0,0.0,0.0,1207.0,32.0,1.0
생,0.0,0.0,0.0,1210.0,17.0,1.0
무관,0.0,0.0,0.0,1225.0,24.0,1.0
오래,0.0,0.0,0.0,1244.0,22.0,1.0
태,0.0,0.0,0.0,1271.0,21.0,1.0
무보증,0.0,0.0,0.0,1279.0,16.0,1.0
시설,0.0,0.0,0.0,1280.0,15.0,1.0
자세히,0.0,0.0,0.0,1289.0,19.0,1.0
재대출,0.0,0.0,0.0,1290.0,24.0,1.0
단축,0.0,0.0,0.0,1297.0,16.0,1.0
순이익,0.0,0.0,0.0,1300.0,20.0,1.0
대지진,0.0,0.0,0.0,1302.0,41.0,1.0
이표채,0.0,0.0,0.0,1316.0,18.0,1.0
오차,0.0,0.0,0.0,1318.0,19.0,1.0
비대칭,0.0,0.0,0.0,1329.0,21.0,1.0
특례,0.0,0.0,0.0,1343.0,19.0,1.0
압,0.0,0.0,0.0,1352.0,20.0,1.0
긴급,0.0,0.0,0.0,1362.0,16.0,1.0
매,0.0,0.0,0.0,1363.0,22.0,1.0
산정,0.0,0.0,0.0,1379.0,24.0,1.0
편중,0.0,0.0,0.0,1382.0,15.0,1.0
전기요금,0.0,0.0,0.0,1393.0,25.0,1.0
자가,0.0,0.0,0.0,1396.0,27.0,1.0
신성장,0.0,0.0,0.0,1417.0,23.0,1.0
국한,0.0,0.0,0.0,1418.0,18.0,1.0
고물가,0.0,0.0,0.0,1419.0,44.0,1.0
교역조건,0.0,0.0,0.0,1425.0,27.0,1.0
비하,0.0,0.0,0.0,1439.0,15.0,1.0
한미,0.0,0.0,0.0,1458.0,19.0,1.0
제의,0.0,0.0,0.0,1466.0,18.0,1.0
예상밖,0.0,0.0,0.0,1468.0,18.0,1.0
일중,0.0,0.0,0.0,1482.0,26.0,1.0
국민연금,0.0,0.0,0.0,1492.0,30.0,1.0
부하,0.0,0.0,0.0,1496.0,15.0,1.0
세밀,0.0,0.0,0.0,1501.0,17.0,1.0
외식,0.0,0.0,0.0,1504.0,32.0,1.0
부족자금,0.0,0.0,0.0,1513.0,16.0,1.0
제재,0.0,0.0,0.0,1523.0,23.0,1.0
도출,0.0,0.0,0.0,1524.0,27.0,1.0
중첩,0.0,0.0,0.0,1526.0,15.0,1.0
정액,0.0,0.0,0.0,1540.0,28.0,1.0
급여,0.0,0.0,0.0,1541.0,28.0,1.0
보전,0.0,0.0,0.0,1545.0,15.0,1.0
해제,0.0,0.0,0.0,1551.0,25.0,1.0
두바이유,0.0,0.0,0.0,1559.0,21.0,1.0
자수,0.0,0.0,0.0,1562.0,16.0,1.0
고점,0.0,0.0,0.0,1567.0,15.0,1.0
고시,0.0,0.0,0.0,1572.0,23.0,1.0
양곡관리특별회계,0.0,0.0,0.0,1590.0,19.0,1.0
보증금,0.0,0.0,0.0,1595.0,22.0,1.0
재편,0.0,0.0,0.0,1596.0,15.0,1.0
편차,0.0,0.0,0.0,1618.0,15.0,1.0
유사시,0.0,0.0,0.0,1637.0,16.0,1.0
관광객,0.0,0.0,0.0,1642.0,16.0,1.0
감산,0.0,0.0,0.0,1643.0,20.0,1.0
평,0.0,0.0,0.0,1645.0,15.0,1.0
풍선효과,0.0,0.0,0.0,1647.0,15.0,1.0
속도조절,0.0,0.0,0.0,1648.0,19.0,1.0
고리,0.0,0.0,0.0,1656.0,19.0,1.0
불평등,0.0,0.0,0.0,1658.0,19.0,1.0
마이너스금리,0.0,0.0,0.0,1662.0,22.0,1.0
규제비율,0.0,0.0,0.0,1663.0,21.0,1.0
그만큼,0.0,0.0,0.0,1665.0,16.0,1.0
펜,0.0,0.0,0.0,1666.0,20.0,1.0
근로,0.0,0.0,0.0,1667.0,15.0,1.0
가중치,0.0,0.0,0.0,1670.0,23.0,1.0
역전폭,0.0,0.0,0.0,1671.0,16.0,1.0
외평채,0.0,0.0,0.0,1673.0,15.0,1.0
눈,0.0,0.0,0.0,1680.0,15.0,1.0
두기,0.0,0.0,0.0,1684.0,53.0,1.0
덧붙여,0.0,0.0,0.0,1686.0,20.0,1.0
비대,0.0,0.0,0.0,1687.0,22.0,1.0
봉쇄,0.0,0.0,0.0,1688.0,47.0,1.0
확진,0.0,0.0,0.0,1689.0,19.0,1.0
불거지,0.0,0.0,0.0,1690.0,16.0,1.0
보금자리론,0.0,0.0,0.0,1695.0,26.0,1.0
델타,0.0,0.0,0.0,1697.0,20.0,1.0
병목,0.0,0.0,0.0,1698.0,30.0,1.0
오미크론,0.0,0.0,0.0,1699.0,27.0,1.0
빈일자리,0.0,0.0,0.0,1701.0,26.0,1.0
오프닝,0.0,0.0,0.0,1702.0,50.0,1.0
